/Users/jazzmandarine/Library/Python/3.9/lib/python/site-packages/google/api_core/_python_version_support.py:242: FutureWarning: You are using a non-supported Python version (3.9.6). Google will not post any further updates to google.api_core supporting this Python version. Please upgrade to the latest Python version, or at least Python 3.10, and then update google.api_core.
  warnings.warn(message, FutureWarning)
/Users/jazzmandarine/Library/Python/3.9/lib/python/site-packages/urllib3/__init__.py:35: NotOpenSSLWarning: urllib3 v2 only supports OpenSSL 1.1.1+, currently the 'ssl' module is compiled with 'LibreSSL 2.8.3'. See: https://github.com/urllib3/urllib3/issues/3020
  warnings.warn(
/Users/jazzmandarine/Library/Python/3.9/lib/python/site-packages/google/auth/__init__.py:54: FutureWarning: You are using a Python version 3.9 past its end of life. Google will update google-auth with critical bug fixes on a best-effort basis, but not with any other fixes or features. Please upgrade your Python version, and then update google-auth.
  warnings.warn(eol_message.format("3.9"), FutureWarning)
/Users/jazzmandarine/Library/Python/3.9/lib/python/site-packages/google/oauth2/__init__.py:40: FutureWarning: You are using a Python version 3.9 past its end of life. Google will update google-auth with critical bug fixes on a best-effort basis, but not with any other fixes or features. Please upgrade your Python version, and then update google-auth.
  warnings.warn(eol_message.format("3.9"), FutureWarning)
INFO:chromadb.telemetry.product.posthog:Anonymized telemetry enabled. See                     https://docs.trychroma.com/telemetry for more information.
ERROR:chromadb.telemetry.product.posthog:Failed to send telemetry event ClientStartEvent: capture() takes 1 positional argument but 3 were given
ERROR:chromadb.telemetry.product.posthog:Failed to send telemetry event ClientCreateCollectionEvent: capture() takes 1 positional argument but 3 were given
Found 1215 unclassified articles in DB.
[1/1215] Classifying: No 10 publishes previously confidential memo to re
  -> Success: 영국 하원, 스타머 의원의 맨델슨 임명 관련 의원 오도 혐의 조사 여부 결정
[2/1215] Classifying: Goldman raises oil price forecasts as Iran war dea
  -> Success: 골드만삭스, 이란 전쟁 교착 상태 지속에 유가 전망 상향; 셸, 캐나다 ARC 136억 달러에 인수
[3/1215] Classifying: [김능구·황장수의 닥터둠의 전망 4월①] "미국, 반전 여론 54% 압도적…...
  -> Success: 미국-이란 전쟁의 여파로 중동 지역의
[4/1215] Classifying: 4차 최고가격제 동결…제주 기름값도 보합
  -> Success: 기사에서 언급된 미국과 이란의 휴전 
[5/1215] Classifying: 농자재값 폭등에 직격탄 맞은 농가…새울본부, 6억 원 긴급 지원
  -> Success: 이 기사는 이미 상승한 국제 유가가 
[6/1215] Classifying: 국제유가, 4월24일 Brent‧Dubai유 오르고 WTI 내려
  -> Success: 중동 지역 군사 행동 재개 우려로 인
[7/1215] Classifying: 현대로템, 기준 주목…실적·중동 변수에 시장 촉각
  -> Success: 중동 정세의 완화 가능성과 협상 불확
[8/1215] Classifying: 건설경기 악화·민간임대 규제·전쟁까지...지역 건설사 줄도산 '우려'
  -> Success: 해당 기사는 전쟁으로 인한 국제 유가
[9/1215] Classifying: "고유가 언제까지"‥ 운전자도 주유소도 '부담'
  -> Success: 중동 지역의 지속적인 지정학적 불안정
[10/1215] Classifying: 유가 내렸는데 왜 못 푸나… 석유 최고가격제 ‘출구’ 고민 커진다
  -> Success: 미국과 이란 간 휴전 소식은 중동 지
[11/1215] Classifying: 면세용 경유도 ‘1500원’ 육박…농민들 커지는 한숨
  -> Failed: 1 validation error for ClassifiedArticle
category
  Input should be a valid string [type=string_type, input_value=None, input_type=NoneType]
    For further information visit https://errors.pydantic.dev/2.11/v/string_type
[12/1215] Classifying: 국제유가 상승으로 무역수지 200억 달러 악화... 금융연 보고서
  -> Failed: 1 validation error for ClassifiedArticle
category
  Input should be a valid string [type=string_type, input_value=None, input_type=NoneType]
    For further information visit https://errors.pydantic.dev/2.11/v/string_type
[13/1215] Classifying: 이란 "호르무즈 해협 이전 상태 회복 불가" 선언에 국제유가 요동
  -> Success: 이란의 호르무즈 해협 관련 강경 발언
[14/1215] Classifying: [기고]검박한 습관과 태도, 미래를 여는 전환의 씨앗말
  -> Success: 이 기사는 과거 유가 변동을 인용하여
[15/1215] Classifying: 4차 최고가격 이후에도 기름값 상승세 여전
  -> Failed: 1 validation error for ClassifiedArticle
category
  Input should be a valid string [type=string_type, input_value=None, input_type=NoneType]
    For further information visit https://errors.pydantic.dev/2.11/v/string_type
[16/1215] Classifying: 베이커휴즈 "호르무즈 완전 개방, 상반기엔 어렵다" [美-이란 전쟁]
  -> Success: 미-이란 협상 결렬과 호르무즈 해협의
[17/1215] Classifying: 호르무즈·핵 입장차 못 좁히고… '치킨게임' 들어간 美·이란 [美-이란...
  -> Success: 미국과 이란 간의 지정학적 대립 심화
[18/1215] Classifying: [주간 증시전망] 외부 변수에 따른 변동성 확대 가능성 유의 필요
  -> Success: 중동 지정학적 긴장으로 인한 유가 상
[19/1215] Classifying: [기획] 반도체발 '노동 슈퍼리치' 시대… 대기업간 격차도 커졌다
  -> Failed: 1 validation error for ClassifiedArticle
category
  Input should be a valid string [type=string_type, input_value=None, input_type=NoneType]
    For further information visit https://errors.pydantic.dev/2.11/v/string_type
[20/1215] Classifying: 코스피 6500 재돌파?… 美 FOMC 주목 [주간 증시 전망]
  -> Success: 연방준비제도(연준)의 연방공개시장위원
[21/1215] Classifying: 억누른 기름값 치솟을까…석유 최고가격제 ‘출구전략’ 딜레마
  -> Success: 이 기사는 한국 정부의 국내 유류 가
[22/1215] Classifying: 전쟁포로가 된 공급망, 요동치는 에너지 가격... 세계 경제 뉴노멀 온다...
  -> Success: 장기화된 전쟁으로 인한 스태그플레이션
[23/1215] Classifying: 레미콘 긴급 현장에 최우선 투입
  -> Success: 이 기사는 국내 공공 공사 현장의 원
[24/1215] Classifying: 창녕군, 군민 생활 안정 지원금 지급 준비 총력
  -> Success: 이 기사는 국제 유가 상승으로 인한 
[25/1215] Classifying: 남해군 '고유가 피해지원금' 지급 안내
  -> Failed: 1 validation error for ClassifiedArticle
category
  Input should be a valid string [type=string_type, input_value=None, input_type=NoneType]
    For further information visit https://errors.pydantic.dev/2.11/v/string_type
[26/1215] Classifying: 우크라이나 전쟁 5년 차 러시아, 푸틴 지지율 급락 속 경제 붕괴 우려 확...
  -> Success: 미국과 이란의 지속적인 갈등 및 우크
[27/1215] Classifying: [사설] 석유최고가격 부작용 더 커지기 전 출구 찾아야
  -> Success: 기사는 해협 불안과 공급 차질 우려가
[28/1215] Classifying: 유가, 여전한 중동 불안에도 '최악의 폭등' 없는 이유
  -> Success: 기사는 여전히 중동 지역의 지정학적 
[29/1215] Classifying: 2,000만 배럴 막혔지만, 시장은 1,300만 배럴을 만들었다[Deep&wide]
  -> Success: 글로벌 시장에 추가 공급량이 크게 늘
[30/1215] Classifying: "사회적 대화 성공하면 '횡재세' 논의 사라질 것"
  -> Success: 본 기사는 국내 주유소 가격의 시차 
[31/1215] Classifying: 원화 실질가치 17년 만에 최저…중동 전쟁·고유가에 구매력 급락
  -> Success: 한국 원화의 실질가치 하락은 한국의 
[32/1215] Classifying: [로컬 탐방] 아픈 지구 보듬기
  -> Success: 지역 사회의 자발적인 에너지 절감 운
[33/1215] Classifying: '민주당 대세론' 유지 vs 반전...보선 대진표 관심
  -> Failed: 1 validation error for ClassifiedArticle
category
  Input should be a valid string [type=string_type, input_value=None, input_type=NoneType]
    For further information visit https://errors.pydantic.dev/2.11/v/string_type
[34/1215] Classifying: 최고가격제 딜레마…‘어닝 서프라이즈’ 정유업계에 얼마나 보전해야...
  -> Success: 본 기사는 국제유가 변동으로 인한 국
[35/1215] Classifying: 면세유 35% 급등, 농번기 직격탄…농산물 물가도 ‘불안’
  -> Success: 중동 지역의 지정학적 긴장 고조는 주
[36/1215] Classifying: 깜짝 성장에도 '유가·환율·물가' 살얼음판…신현송호 '금리 시험대'
  -> Success: 이 기사는 '깜짝 성장'에도 불구하고
[37/1215] Classifying: 중동발 고유가, 반도체로 흑자 지속… 과제 남긴 '비탄력적 수입 구조'
  -> Success: 이 보고서는 과거 국제 유가 상승(두
[38/1215] Classifying: 정부, 고유가 피해지원금 지급...27일부터 신청
  -> Success: 이 기사는 한국 정부가 국제 유가 변
[39/1215] Classifying: 국제유가 충격에도 무역수지 흑자 전망…"반도체 수출 호조가 방어"
  -> Success: 본 기사는 최근 중동 정세 불안이 국
[40/1215] Classifying: 1분기 韓 경제·실적 '반도체 쏠림' 뚜렷…"재고 지표 반등에 주의해야...
  -> Success: 중동발 불안이 국제 유가 상승을 주도
[41/1215] Classifying: 최고가격 동결에도 상승세…경남 휘발유값 3년 9개월 만에 2000원 대
  -> Success: 이 기사는 한국 국내 휘발유 가격의 
[42/1215] Classifying: 고유가 피해지원금 27일 지급…취약계층에 최대 55만원
  -> Success: 한국 정부의 고유가 관련 취약계층 지
[43/1215] Classifying: 고유가 피해지원금, 최대 60만원 지급…4월 27일 신청 시작
  -> Success: 이 뉴스는 한국 정부가 고유가로 인한
[44/1215] Classifying: 울산 기름값 2000원 돌파 '초읽기'
  -> Success: 미국과 이란의 협상 재개는 이란산 원
[45/1215] Classifying: [시사스페셜] 이 대통령 지지율 최고치…지지율 70% 넘나?
  -> Failed: 1 validation error for ClassifiedArticle
category
  Input should be a valid string [type=string_type, input_value=None, input_type=NoneType]
    For further information visit https://errors.pydantic.dev/2.11/v/string_type
[46/1215] Classifying: “장보기가 무섭다”…환율·유가 폭등, 서민 지갑 먼저 무너진다
  -> Success: 중동 전쟁의 지속적인 영향으로 국제 
[47/1215] Classifying: [시사스페셜] 트럼프 만찬장 총격…용의자는 누구?
  -> Failed: 1 validation error for ClassifiedArticle
category
  Input should be a valid string [type=string_type, input_value=None, input_type=NoneType]
    For further information visit https://errors.pydantic.dev/2.11/v/string_type
[48/1215] Classifying: 4차 최고가격제도 '임시방편'..."더 오르면 조업 포기"
  -> Success: 국제 유가 급등으로 인한 국내 조업 
[49/1215] Classifying: [증시 주간 전망대] 6500대 안착 기대감↑…"실적 주도 장세 지속"
  -> Success: 이 기사는 주식 시장 전망의 맥락에서
[50/1215] Classifying: [월요아침]중동의 불안, 섬의 전기를 언제까지 기름에 맡길 것인가
  -> Success: 호르무즈 해협의 군사적 긴장 고조는 
[51/1215] Classifying: '주말 나들이도 못 가겠어요' 전북 휘발유 2천원 넘겼다
  -> Success: 기사는 중동 긴장 고조와 러시아-우크
[52/1215] Classifying: 반도체 호황이 부른 역설…성장률 뛰자 금리 인상 압력 커져
  -> Success: 미국 연방준비제도(Fed)의 금리 인
[53/1215] Classifying: 인도네시아 '말라카 해협 통행세' 발언 하루만에 철회
  -> Success: 이란의 호르무즈 해협 봉쇄는 중동발 
[54/1215] Classifying: “고유가 파도, 반도체가 막는다”…수입물가 비상에도 무역흑자 ‘청신...
  -> Success: 해당 기사는 이미 발생한 국제 유가 
[55/1215] Classifying: "먹거리 공포 언제까지" 중동 늪 빠진 서민 밥상 '비명'
  -> Success: 중동 지역의 지정학적 긴장 장기화와 
[56/1215] Classifying: 美·유럽 증시 격차 7개월래 최대…AI·에너지 자립이 갈랐다
  -> Success: 미국의 에너지 자립이 국제유가 100
[57/1215] Classifying: 취약층 1인 최고 60만원…내일부터 지급
  -> Success: 이 기사는 국제유가 상승으로 인한 국
[58/1215] Classifying: 4차 석유최고가격제 동결됐는데…전북 휘발유값 2000원 돌파
  -> Success: 이 기사는 한국의 국내 휘발유 가격 
[59/1215] Classifying: ‘끝이 안보인다’…국제유가 나흘째 급등 마감, 뉴욕증시 하루만에 하...
  -> Success: 이 기사는 WTI와 브렌트유 가격의 
[60/1215] Classifying: 日, 11일치 원유는 확보했지만…중동 대체할 곳 없어 고심
  -> Success: 일본이 중동 원유 의존도를 줄이기 위
[61/1215] Classifying: [채권-주간] 본격화된 인상 논의와 FOMC發 매파 위험
  -> Success: 중동사태 해결의 불확실성이 지속되면서
[62/1215] Classifying: [뉴욕채권-주간] '아마도 마지막' 파월의 FOMC 무대…워시와 이견 주목
  -> Success: 기사는 파월 의장의 FOMC와 금리 
[63/1215] Classifying: "중동전쟁發 전세계적 재생에너지 전환 가속화 중국에 기회요인"
  -> Success: 중동 지역의 일시적인 휴전으로 지정학
[64/1215] Classifying: [주간 증시 전망] 코스피, 6500선 안착 시도…휴전 연장에 '쌍끌이 랠리...
  -> Success: 이 기사는 연준의 유가발 인플레이션 
[65/1215] Classifying: 정유사, 1분기 ‘신기루’ 깜짝실적…"2분기가 두렵다"
  -> Success: 이 기사는 과거 유가 데이터와 정유사
[66/1215] Classifying: [마켓 ING]다시 사상 최고치 랠리 나선 코스피, 빅테크 실적·FOMC 주목
  -> Success: 이 기사는 현재 높은 서부텍사스산원유
[67/1215] Classifying: 정유업계, 고유가에 1분기 ‘어닝 서프라이즈’…2분기엔 ‘유가하락’...
  -> Success: 해당 기사는 정유업계의 1분기 고유가
[68/1215] Classifying: [주간증시전망] 중동 리스크 뚫은 반도체…역대급 실적 장세속 ‘선별적...
  -> Success: 해당 기사는 국제 유가 안정(WTI 
[69/1215] Classifying: 경유도 2천원 돌파…상방 압력 커진 최고가격제 ‘딜레마’
  -> Success: 이 기사는 브렌트유 가격이 높은 수준
[70/1215] Classifying: 최고가격 연속 동결했지만 기름값 상승세…2000원 넘었다
  -> Success: 기사는 WTI 유가 하락과 함께 이란
[71/1215] Classifying: 전쟁 때마다 무너지나…중동 리스크로 드러난 韓 공급망
  -> Success: 중동 지정학적 리스크, 특히 호르무즈
[72/1215] Classifying: 고유가에도 미국 산유업체들 증산 안 하는 이유…불신과 혼란
  -> Success: 미국 산유 업체들이 고유가에도 불구하
[73/1215] Classifying: The great energy pivot: US oil and Chinese solar a
  -> Success: 대대적인 에너지 전환: 트럼프의 이란 전쟁에서 승자는 미국 석유와 중국 태양에너지
[74/1215] Classifying: EU, 호르무즈 우회하는 중동 에너지 경로 확보 나선다
  -> Success: 미국-이란 간 종전 협상 무산은 호르
[75/1215] Classifying: 정유업계 1분기 '깜짝 실적'…2분기 중동 변수 촉각
  -> Success: 정유업계의 2분기 '중동 변수 촉각'
[76/1215] Classifying: 경제 위기, CEO의 진짜 실력이 드러난다 [김문경의 리더십테크](11)
  -> Success: 이 기사는 과거 브렌트유의 기록적인 
[77/1215] Classifying: 트럼프, 이란 협상 돌연 취소…중동 휴전 '흔들'·유가 불확실성 확대
  -> Success: 트럼프의 이란 협상 취소와 중동 휴전
[78/1215] Classifying: 美·이란 2차 협상 무산…밸류에이션 부담·실적 기대 '교차' [주간전망...
  -> Success: 미국-이란 2차 협상 결렬... 밸류에이션 부담 및 실적 기대 교차 [주간 전망...]
[79/1215] Classifying: [증시전망] 신고가 이후 코스피 향방은?…반도체·달러·실적 '주목'
  -> Success: 이 기사는 증시 전망에 초점을 맞추고
[80/1215] Classifying: [증시전망대] 이란 리스크 속 '슈퍼위크' 돌입…코스피, 7천 향한 숨 고...
  -> Success: 이란 지정학적 리스크가 중동 공급 불
[81/1215] Classifying: 트럼프 "이란, 제안 부족·시간 낭비" 협상 취소…미·이란 교착 심화
  -> Success: 미국과 이란 간 협상 취소 및 이란의
[82/1215] Classifying: “취소보다 무서운 불확실성”…전쟁이 바꾼 K팝 월드투어 [Ce:포커스]
  -> Success: 기사에서 언급된 '전쟁'은 원유 시장
[83/1215] Classifying: [마켓인사이트] 이란 사태속에 맞은 '슈퍼위크'…韓증시 향방은
  -> Success: 기사는 연준이 고유가에 따른 물가 리
[84/1215] Classifying: 고유가에 정유사 '어닝 서프라이즈' 전망…유가 하락 땐 손실
  -> Success: 휴전 기대감으로 인해 지정학적 위험 
[85/1215] Classifying: 트럼프 "美 협상단 파키스탄행 취소했다"… 미·이란 2차 협상 무산되나
  -> Success: 미국-이란 협상 결렬은 이란산 원유 
[86/1215] Classifying: [줌인] 美·이란 2차 협상 좌초… “우리가 모든 패 쥐었다” 트럼프式...
  -> Success: 미국-이란 간 2차 협상 좌초와 호르
[87/1215] Classifying: From syringes to stents: Iran war exposes NHS depe
  -> Success: 주사기부터 스텐트까지: 이란 전쟁이 NHS의 석유화학 의존도 드러내
[88/1215] Classifying: 트럼프, 이란 협상 특사 파견 전격 취소…“시간 낭비” (종합)
  -> Success: 트럼프의 이란 협상 취소는 중동 지정
[89/1215] Classifying: ‘Sludge in the system’: myriad problems stymie Lab
  -> Success: '시스템의 슬러지': 노동당의 150만 가구 신규 주택 공약을 좌절시키는 수많은 문제들
[90/1215] Classifying: 이란 전쟁發 폴리에스터 30% 폭등… 자라·H&M 가을옷값 오르나
  -> Success: 이란의 상선 통행 일시 허용은 지정학
[91/1215] Classifying: 트럼프, 대이란 특사 파견 취소…협상 국면 혼선 확대
  -> Success: 트럼프 행정부의 대이란 특사 파견 취
[92/1215] Classifying: US president cancels envoy trip to Pakistan for ce
  -> Failed: 1 validation error for ClassifiedArticle
category
  Input should be a valid string [type=string_type, input_value=None, input_type=NoneType]
    For further information visit https://errors.pydantic.dev/2.11/v/string_type
[93/1215] Classifying: 이란 전쟁發 에너지 공급망 재편…K-조선 ‘구조적 수혜’ 부상 [투자36...
  -> Success: 이란 전쟁 발발은 중동발 지정학적 위
[94/1215] Classifying: 미·이란 2차 협상 '안갯속'… 브렌트유 120달러 육박
  -> Success: 미-이란 핵 협상 불확실성과 전쟁 장
[95/1215] Classifying: 기술주 강세…S&P500·나스닥 또 최고치
  -> Success: 중동 지역의 지정학적 긴장 완화 기대
[96/1215] Classifying: 미·이란 재협상 기대에 기술주 강세…S&P500·나스닥 또 최고치
  -> Success: 미국과 이란 간 재협상 기대감은 이란
[97/1215] Classifying: 이란 외무장관 파키스탄행…美와 협상 '공전' 속 긴장 고조
  -> Success: 미국의 이란 원유 수출 해상 봉쇄는 
[98/1215] Classifying: 이번 주말 2차 종전 협상? 미·이란, 파키스탄으로 집결
  -> Success: 미국과 이란 간의 2차 종전 협상 추
[99/1215] Classifying: 비트코인, 8만달러는 ‘통곡의 벽’?…日 인플레·유가 폭등에 ‘숨고르...
  -> Success: 이란의 호르무즈 해협 기뢰 배치 소식
[100/1215] Classifying: 석유 최고가격제 시행에도 경유값 최고치 경신
  -> Success: 기사에서 브렌트유 가격의 뚜렷한 상승
[101/1215] Classifying: 고래 투자자, 브렌트유 5배 롱 포지션 개설…현재 가치 2천만달러
  -> Success: 한 고래 투자자가 브렌트유에 대규모 
[102/1215] Classifying: 4차 최고가격제 이틀째…경유값 3년 9개월만에 2000원 돌파
  -> Success: 브렌트유 선물 가격의 회복세와 추가 
[103/1215] Classifying: 1분기 깜짝 성장률 기록했지만… '기승전·반도체' 괜찮나
  -> Success: 이란의 호르무즈 해협 선박 나포는 중
[104/1215] Classifying: 이라크 바스라 터미널에 유조선 입항…호르무즈 봉쇄 이후 두 번째
  -> Success: 호르무즈 해협의 사실상 봉쇄는 중동 
[105/1215] Classifying: 이라크 바스라에 유조선 입항…호르무즈 봉쇄속 2척째 진입
  -> Success: 이라크의 호르무즈 해협 관련 원유 수
[106/1215] Classifying: “이라크산 원유 수출 숨통 트일까”…바스라에 2번째 유조선 입항
  -> Success: 이라크가 전쟁 발발로 인한 호르무즈 
[107/1215] Classifying: 국제유가 상승의 수출입 물가 및 무역수지 영향 점검
  -> Success: 이 기사는 과거 국제유가 급등(202
[108/1215] Classifying: 호르무즈 봉쇄 속 미·이란 '간접 협상'…파키스탄 중재 시험대
  -> Success: 이란과의 호르무즈 해협 봉쇄 위협과 
[109/1215] Classifying: 파키스탄으로 모이는 미·이란...2차 협상 앞두고 기싸움?
  -> Success: 파키스탄에서 진행되는 미-이란 간의 
[110/1215] Classifying: 국제유가 5거래일 만에 내려…미-이란 협상 재개 기대감
  -> Success: 미국과 이란 간 핵 협상 재개 기대감
[111/1215] Classifying: 2차 종전 협상 기대감에…나스닥·S&P500 최고치 경신
  -> Success: 중동 지역의 지정학적 긴장 완화 기대
[112/1215] Classifying: S&P500·나스닥 또 사상 최고… 미·이란 협상 기대에 반도체 랠리
  -> Success: 미-이란 협상에 대한 기대감은 이란산
[113/1215] Classifying: [4월 넷째 주 세계경제동향 브리핑] 코스피 6,400선 돌파…유가 급등 속...
  -> Success: 이 기사는 서부텍사스산원유(WTI)가
[114/1215] Classifying: 미·이란 협상 기대에 유가 하락…5거래일 만에 내림세
  -> Success: 미국-이란 협상 기대감은 이란산 원유
[115/1215] Classifying: 호르무즈 봉쇄 속 이라크 바스라에 유조선 입항…원유 200만배럴 선적
  -> Success: 호르무즈 해협 봉쇄 언급과 전쟁 발발
[116/1215] Classifying: 이라크 바스라에 유조선 입항…봉쇄 속 두 척째 진입
  -> Success: 이라크의 '전쟁'과 '봉쇄' 상황은 
[117/1215] Classifying: 美 나스닥100 '급등세 돌변'..AI주 '치솟고' vs CHTR '폭락'
  -> Success: 기사는 중동 불안정을 과거 유가 급등
[118/1215] Classifying: 美·이란 협상 기대…원·달러 1,476.80원 하락 마감
  -> Success: 미국과 이란 간 협상 기대는 이란산 
[119/1215] Classifying: [해외시황] 뉴욕증시, 미·이란 2차 종전 협상 기대 속 '혼조 마감'…S&...
  -> Success: 미-이란 종전 협상 기대감은 이란의 
[120/1215] Classifying: 이라크 바스라에 유조선 입항…호르무즈 봉쇄 속 두 척째 진입
  -> Success: 이라크의 바스라 유조선 입항 소식에도
[121/1215] Classifying: 상승세 멈춘 국제유가...협상 기대에 5거래일 만에 하락
  -> Success: 미확인된 협상에 대한 시장 참여자들의
[122/1215] Classifying: 미·이란 협상 기대에 국제유가 5일 만에 하락…불확실성 여전
  -> Success: 미국-이란 핵 협상에 대한 기대감은 
[123/1215] Classifying: 호르무즈 봉쇄 속 이라크 유조선 입항…원유 수출 ‘숨통’ 트이나
  -> Success: 호르무즈 해협의 지정학적 긴장 속에서
[124/1215] Classifying: 중동 리스크 완화 기대에 뉴욕증시 혼조…나스닥·S&P '사상 최고'
  -> Success: 중동 지역의 지정학적 리스크 완화 기
[125/1215] Classifying: 이라크 바스라에 유조선 입항…호르무즈 봉쇄속 2척째 진입
  -> Success: 이라크의 호르무즈 해협을 통한 원유 
[126/1215] Classifying: 국제 유가 5일만에 하락...미·이란 협상 재개 기대감 반영
  -> Success: 미국과 이란 간 핵 협상 재개 기대감
[127/1215] Classifying: 뉴욕증시 다우지수 '홀로 하락'...엔비디아 '급등' vs 제약주 '뚝'
  -> Success: 이란 외무장관의 발언 언급과 함께 W
[128/1215] Classifying: 호르무즈해협 당장 개방돼도…"앞으로 몇 달은 절대적 재앙"
  -> Success: 호르무즈 해협의 지정학적 위험과 '전
[129/1215] Classifying: 미·이란 2차 협상 기대감에 달러·원 하락 … 1476.80원 마감
  -> Success: 미-이란 2차 협상 기대감은 이란산 
[130/1215] Classifying: 美·이란 주말 종전협상 가능성...美 "협상단 파견" VS 이란 "직접대화 ...
  -> Success: 미국과 이란 간의 종전협상 가능성이 
[131/1215] Classifying: 미·이란 재협상 기대에 S&P500-나스닥 또 최고치
  -> Success: 미·이란 재협상 기대감은 이란산 원유
[132/1215] Classifying: 美·이란 재협상 기대감↑…S&P500·나스닥 또 사상 최고치
  -> Success: 미국과 이란 간 핵 협상 재개 기대감
[133/1215] Classifying: 국제유가, 美·이란종전협상 재개 기대감 고조에 5일만에 하락세로
  -> Success: 미국-이란 간 협상 재개 기대감은 이
[134/1215] Classifying: 중동 리스크에 달러 수요 꿈틀...유동성 경색 '전조' 논쟁
  -> Success: 이 기사는 중동 리스크가 에너지 가격
[135/1215] Classifying: 뉴욕증시, 종전협상 재개 기대ㆍ 기술주 강세에 최고치…S&P500·나스닥 ...
  -> Success: 러시아-우크라이나 종전 협상 재개 기
[136/1215] Classifying: [뉴욕증시] 미·이란 재협상 기대감 '솔솔'…기술주 강세 마감
  -> Success: 미-이란 재협상 기대감은 이란산 원유
[137/1215] Classifying: '바다연금' 우홍섭 vs '전복산업 혁신' 김신…완도군수 예측불허 승부
  -> Failed: 1 validation error for ClassifiedArticle
category
  Input should be a valid string [type=string_type, input_value=None, input_type=NoneType]
    For further information visit https://errors.pydantic.dev/2.11/v/string_type
[138/1215] Classifying: 이라크 "유조선 항구 도착"···호르무즈 봉쇄 후 두번째
  -> Success: 이라크가 호르무즈 해협을 통한 원유 
[139/1215] Classifying: [딜로이트 글로벌 경제 리뷰] 이란 전쟁 종료돼도 인플레이션 압력 지속...
  -> Success: OPEC+의 940만 배럴 대규모 감
[140/1215] Classifying: US Says Waivers On Iranian, Russian Oil Won't Be R
  -> Success: 미국, 이란 및 러시아산 원유 제재 면제 연장 않기로: '생산 중단해야 할 것'
[141/1215] Classifying: Iran's foreign minister arrives in Pakistan to dis
  -> Success: 이란 외무장관, 파키스탄 방문해 미국과의 평화회담 재개 논의
[142/1215] Classifying: U.S. won't renew Iranian, Russian oil waivers: Bes
  -> Success: 미국, 이란 및 러시아산 원유 제재 완화 갱신 안 할 것: 베센트
[143/1215] Classifying: US sanctions China-based refinery, 40 shippers ove
  -> Success: 이란산 원유 관련 중국 정유사 및 해운사 40곳에 대한 미국 제재
[144/1215] Classifying: US will not renew Russian and Iranian oil waivers,
  -> Success: 미국 재무장관 스캇 베센트, 러시아와 이란산 석유 면제 갱신 않겠다고 밝혀
[145/1215] Classifying: ANDREW NEIL: The economic maelstrom coming our way
  -> Success: 앤드류 닐: 우리에게 다가오는 경제적 혼란이 가속화되고 있지만, 무능한 장관들은 귀를 막고 눈을 꽉 감고 있다.
[146/1215] Classifying: Europe’s NATO allies resist US threat to Spain ami
  -> Success: 유럽 NATO 동맹국들, 이란 갈등 속 스페인에 대한 미국의 위협에 저항
[147/1215] Classifying: Ed Miliband's puffin 'killing fields': How the wor
  -> Failed: 1 validation error for ClassifiedArticle
category
  Input should be a valid string [type=string_type, input_value=None, input_type=NoneType]
    For further information visit https://errors.pydantic.dev/2.11/v/string_type
[148/1215] Classifying: US to maintain Russian oil sanctions, impacting cr
  -> Success: 미국, 러시아 원유 제재 유지로 원유 공급에 영향
[149/1215] Classifying: US carriers in Middle East amid Israel-Iran confli
  -> Success: 이스라엘-이란 분쟁 속 중동 미 항모 배치, 유가 급등 가능성 낮아
[150/1215] Classifying: NASCAR Starting Lineup OARS: Ag-Pro Starting Grid,
  -> Success: NASCAR 스타팅 라인업 OARS: Ag-Pro 스타팅 그리드, 오라일리 시리즈 예선 결과
[151/1215] Classifying: Questerre Energy Corporation Issues Clarification 
  -> Failed: 1 validation error for ClassifiedArticle
category
  Input should be a valid string [type=string_type, input_value=None, input_type=NoneType]
    For further information visit https://errors.pydantic.dev/2.11/v/string_type
[152/1215] Classifying: Have you heard? YouTube mogs Clavicular, iGumdrop 
  -> Failed: 1 validation error for ClassifiedArticle
category
  Input should be a valid string [type=string_type, input_value=None, input_type=NoneType]
    For further information visit https://errors.pydantic.dev/2.11/v/string_type
[153/1215] Classifying: SLB, Baker Hughes boost oil exploration amid Iran 
  -> Success: SLB, 베이커 휴즈, 이란 전쟁 공급 우려 속 석유 탐사 증대
[154/1215] Classifying: US won't renew Iranian and Russian oil waivers, Be
  -> Success: 미국, 이란 및 러시아 원유 구매 면제 연장 않겠다고 베센트 장관 밝혀
[155/1215] Classifying: Qatar’s emir, Trump discuss US-Iran ceasefire as o
  -> Success: 카타르 국왕과 트럼프, 미국-이란 휴전 논의 속 유가 전망 하락
[156/1215] Classifying: Beloved teacher killed as she slept, daughter stab
  -> Failed: 1 validation error for ClassifiedArticle
category
  Input should be a valid string [type=string_type, input_value=None, input_type=NoneType]
    For further information visit https://errors.pydantic.dev/2.11/v/string_type
[157/1215] Classifying: US won't renew Iranian and Russian oil waivers, Be
  -> Success: 미국, 이란 및 러시아산 원유 제재 면제를 갱신하지 않을 것
[158/1215] Classifying: Even as businesses spend $4 million to cross Panam
  -> Success: 기업들, 파나마 운하 통과에 4백만 달러 지불... '호르무즈 해협보다 안전하고 저렴' 주장
[159/1215] Classifying: Intel’s blowout quarter just sparked its best day 
  -> Success: 인텔의 기록적인 실적 발표로 1987년 이후 최고의 하루를 기록하다
[160/1215] Classifying: US envoy and Trump’s son-in-law to travel to Pakis
  -> Success: 미국 특사 및 트럼프 사위, 이란 평화 회담 재개 희망 속에 파키스탄 방문
[161/1215] Classifying: Best players available after Round 1
  -> Failed: 1 validation error for ClassifiedArticle
category
  Input should be a valid string [type=string_type, input_value=None, input_type=NoneType]
    For further information visit https://errors.pydantic.dev/2.11/v/string_type
[162/1215] Classifying: California's jet fuel stockpile hits two-year low,
  -> Success: 캘리포니아 제트 연료 재고 2년 만에 최저치 기록, 여름 여행에 '먹구름' 드리워져
[163/1215] Classifying: With Viktor Orban Gone, Hungary Lifts Veto For EU 
  -> Success: 헝가리, 빅토르 오르반 총리 부재 속 EU의 1060억 달러 우크라이나 대출 승인 거부권 해제
[164/1215] Classifying: Companies are paying millions to cross Panama Cana
  -> Success: 호르무즈 해협 봉쇄 와중에 파나마 운하 통과에 수백만 달러를 지불하는 기업들
[165/1215] Classifying: S&P 500 hits record high close, surges $7.6 trilli
  -> Success: S&P 500, 기술주 랠리 힘입어 3월 이후 7.6조 달러 급증하며 사상 최고치 마감
[166/1215] Classifying: Iran makes frantic move to store overflowing oil s
  -> Success: 이란, 넘쳐나는 원유 보관에 총력... 정권의 위기 임박 신호
[167/1215] Classifying: Pakistan panic-buys LNG amid Strait of Hormuz bloc
  -> Success: 호르무즈 해협 봉쇄 속 파키스탄의 LNG 긴급 구매
[168/1215] Classifying: Intel’s best day since 1987 leads the US stock mar
  -> Success: 1987년 이후 인텔 최고의 날, 미국 증시를 신기록으로 이끌다
[169/1215] Classifying: Intel’s best day since 1987 leads the US stock mar
  -> Success: 인텔의 1987년 이래 최고 실적 발표로 미국 증시 사상 최고치 경신
[170/1215] Classifying: Market Highs Amid Peace Talk Signals and Corporate
  -> Success: 평화 회담 신호와 기업 실적에 따른 시장 최고치 기록
[171/1215] Classifying: Iran's foreign minister arrives in Pakistan, raisi
  -> Success: 이란 외무장관, 파키스탄 도착…미국과의 평화 회담 기대감 고조
[172/1215] Classifying: U.S. Envoy Arrives to Lead Embassy in Venezuela
  -> Success: 미국 특사, 베네수엘라 대사관 이끌기 위해 도착
[173/1215] Classifying: Oil Falls on Renewed Iran Talk Hopes
  -> Success: 이란 핵 협상 재개 기대감에 유가 하락
[174/1215] Classifying: Intel’s best day since 1987 leads the US stock mar
  -> Success: 1987년 이후 인텔 최고의 날, 미국 주식 시장을 또 다른 기록으로 이끌다
[175/1215] Classifying: Ukraine drone strikes cut Russian oil exports amid
  -> Success: 우크라이나 드론 공격으로 러시아 원유 수출 감소, 유가 급등세 심화
[176/1215] Classifying: Brent Crude Above $100 Raises Questions on Supply 
  -> Success: 브렌트유 100달러 초과, 수급 균형에 의문점 부상
[177/1215] Classifying: Geecee Ventures Acquires 2,75,000 Vedanta Shares f
  -> Failed: 1 validation error for ClassifiedArticle
category
  Input should be a valid string [type=string_type, input_value=None, input_type=NoneType]
    For further information visit https://errors.pydantic.dev/2.11/v/string_type
[178/1215] Classifying: Trump just sanctioned a major Chinese oil refinery
  -> Success: 트럼프, 시진핑 주석 회담 수 주 앞두고 이란산 원유 관련 주요 중국 정유사 제재
[179/1215] Classifying: The Iran war's economic hit could linger through 2
  -> Success: 경제학자들은 이란 전쟁의 경제적 타격이 2026년까지 지속될 수 있다고 말한다
[180/1215] Classifying: US sanctions Chinese refinery, shipping firms over
  -> Success: 미국, 이란산 원유 거래 중국 정유사 및 해운사 제재
[181/1215] Classifying: Trump extends Jones Act waiver for another 90 days
  -> Success: 트럼프, 존스법 면제 90일 추가 연장
[182/1215] Classifying: Okeanis Eco Tankers Corp. – Announcement of 2026 A
  -> Success: 오케아니스 에코 탱커스, 2026년 정기 주주총회 개최 공고
[183/1215] Classifying: Heidmar Maritime Holdings Corp. Announces Receipt 
  -> Failed: 1 validation error for ClassifiedArticle
category
  Input should be a valid string [type=string_type, input_value=None, input_type=NoneType]
    For further information visit https://errors.pydantic.dev/2.11/v/string_type
[184/1215] Classifying: German business sentiment hits 2020 low amid Iran 
  -> Success: 이란 전쟁과 에너지 위기 속 독일 기업 심리 2020년 이후 최저치 기록
[185/1215] Classifying: Boston Celtics (1-1) at Philadelphia 76ers (1-1) R
  -> Success: 보스턴 셀틱스 (1승 1패) 대 필라델피아 세븐티식서스 (1승 1패) 1라운드 3차전 2026년 4월 24일
[186/1215] Classifying: IEA’s Birol Says Iran War Will Permanently Cut Int
  -> Success: IEA 비롤, 이란 전쟁이 미래 석유 수요를 영구적으로 감소시킬 것이라고 밝혀
[187/1215] Classifying: Trump sanctions Chinese refinery, 40 firms linked 
  -> Success: 트럼프, 이란산 원유 관련 중국 정유사 및 40개 기업 제재
[188/1215] Classifying: Jim France stepping down as NASCAR CEO, paving way
  -> Success: 짐 프랑스 NASCAR CEO 사임, 비(非)프랑스 가문 출신 첫 리더 탄생
[189/1215] Classifying: Trump dispatches U.S. envoys to Pakistan for new t
  -> Success: 트럼프, 이란 외무장관과의 새로운 회담을 위해 미국 특사 파키스탄에 파견
[190/1215] Classifying: EU leaders to boost Middle East ties amid Iran war
  -> Success: EU 정상들, 이란 전쟁의 유가 시장 영향에 대응하여 중동 관계 강화 추진
[191/1215] Classifying: US seizes oil tanker Majestic X amid Hormuz stando
  -> Success: 미국, 호르무즈 해협 긴장 고조 속 유조선 '마제스틱 X' 나포
[192/1215] Classifying: US Markets Rally On Iran Peace Hopes; Intel Leads 
  -> Success: 미국 시장, 이란 평화 기대감에 상승; 인텔 기술주 랠리 주도
[193/1215] Classifying: Ceasefire Day 17: Trump Extends Lebanon Ceasefire,
  -> Success: 정전 17일째: 트럼프, 레바논 정전 연장 발표에도 폭력 지속
[194/1215] Classifying: US sanctions Chinese refinery, 40 entities over Ir
  -> Success: 미국, 이란산 원유 거래 관련 중국 정유사 및 40개 기관 제재
[195/1215] Classifying: US and Iran impose dual blockade in Strait of Horm
  -> Success: 미국과 이란, 호르무즈 해협 이중 봉쇄… 긴장 고조
[196/1215] Classifying: Strait of Hormuz to stay partially closed until la
  -> Success: 베이커휴즈, 호르무즈 해협 2026년 말까지 부분 폐쇄 유지 예상
[197/1215] Classifying: WATCH: Trump dispatching Witkoff and Kushner to Pa
  -> Success: 백악관: 트럼프, 이란과의 새 회담 위해 윗코프와 쿠슈너 파키스탄으로 파견
[198/1215] Classifying: It’s no surprise Trump has met his match in Pope L
  -> Success: 트럼프가 교황 레오를 만난 것은 놀랄 일이 아니다 – 미국 대통령은 기독교와 완전히 상반되는 모습을 보인다 | 조너선 프리들랜드
[199/1215] Classifying: Oil hits highest level since US-Iran ceasefire beg
  -> Success: 미국-이란 정전 이후 최고치 기록한 유가, 걸프만 원유 생산 차질로 갈등 고조
[200/1215] Classifying: US stock market today: Dow Jones crashes while Nas
  -> Success: 오늘 미국 증시: 다우존스 급락하고 나스닥 급등 — 인텔 AI 랠리가 월스트리트를 재편하며 다우 150포인트 하락, S&P 500과 나스닥 상승
[201/1215] Classifying: Intel's Surge Fuels Wall Street Rally Amid Rising 
  -> Success: 인텔 급등세, 유가 불확실성 속 월스트리트 랠리 견인
[202/1215] Classifying: JPMorgan Says Oil Prices Still Have Further to Ris
  -> Success: JP모건, 유가 여전히 오를 여지 많다고 분석
[203/1215] Classifying: Rupee logs worst weekly fall in 3 years
  -> Success: 루피화, 3년 만에 최악의 주간 하락 기록
[204/1215] Classifying: Buy Fear And Sell Greed
  -> Success: 공포에 매수하고 탐욕에 매도하라
[205/1215] Classifying: US Stock Market Live Update: Nasdaq futures jump, 
  -> Success: 미국 증시 실시간 업데이트: 미-이란 회담 기대에 유가 진정되며 나스닥 선물 상승, 다우 선물 하락
[206/1215] Classifying: Cotton Pulling Back Early on Friday
  -> Failed: 1 validation error for ClassifiedArticle
category
  Input should be a valid string [type=string_type, input_value=None, input_type=NoneType]
    For further information visit https://errors.pydantic.dev/2.11/v/string_type
[207/1215] Classifying: Tokyo workers encouraged to wear shorts to cut ene
  -> Failed: 1 validation error for ClassifiedArticle
category
  Input should be a valid string [type=string_type, input_value=None, input_type=NoneType]
    For further information visit https://errors.pydantic.dev/2.11/v/string_type
[208/1215] Classifying: IT rout and crude surge drag Nifty to third straig
  -> Failed: 1 validation error for ClassifiedArticle
category
  Input should be a valid string [type=string_type, input_value=None, input_type=NoneType]
    For further information visit https://errors.pydantic.dev/2.11/v/string_type
[209/1215] Classifying: Market Mayhem: Investors Lose Rs 7.17 Lakh Crore i
  -> Success: 시장 혼란: 투자자들 사흘 만에 7조 1천7백억 루피 손실
[210/1215] Classifying: Microsoft and Meta cut thousands of staff as they 
  -> Success: 마이크로소프트와 메타, AI에 집중하며 수천 명 감원 | 퍼스트 씽
[211/1215] Classifying: How frustration at Cop stalemates inspires first g
  -> Success: COP 교착 상태 좌절감이 화석 연료 단계적 폐지 첫 국제 논의로 이어진 배경
[212/1215] Classifying: US stock market today: Why Dow Jones futures are f
  -> Success: 오늘 미국 주식시장: 다우존스 선물은 하락하고 S&P 500과 나스닥 선물은 왜 급등하는가? 글로벌 실적, AI 성장, 방위 산업 계약이 오늘 미국 주식 선물 시장을 어떻게 재편하는가
[213/1215] Classifying: Crude Oil Eases To ₹9,127 Per Barrel In Futures Tr
  -> Success: 글로벌 시장 혼란에도 불구하고 선물 거래에서 원유 가격 배럴당 9,127루피로 하락
[214/1215] Classifying: Bitcoin Holds a Strong Base-But $80K Break Will De
  -> Success: 비트코인, 강력한 기반 유지 - 하지만 8만 달러 돌파가 다음 단계를 결정할 것
[215/1215] Classifying: MCX crude oil prices jump 19% this week so far. Wh
  -> Success: MCX 원유 가격 이번 주 19% 급등, 향후 전망은?
[216/1215] Classifying: GAS Prices Today April 24: California, Texas, Flor
  -> Success: 4월 24일 오늘 휘발유 가격: 캘리포니아, 텍사스, 플로리다, 뉴욕, 펜실베이니아
[217/1215] Classifying: PM speaks to Vietnamese president on supply chains
  -> Success: 총리, 베트남 대통령과 공급망 논의
[218/1215] Classifying: Rising Oil Prices Begin to Tighten Financial Condi
  -> Success: 유가 상승이 금융 환경 긴축을 야기하기 시작한다
[219/1215] Classifying: Gold Tanks ₹1,011 To ₹1,50,750, Silver Down Nearly
  -> Failed: 1 validation error for ClassifiedArticle
category
  Input should be a valid string [type=string_type, input_value=None, input_type=NoneType]
    For further information visit https://errors.pydantic.dev/2.11/v/string_type
[220/1215] Classifying: [전병서 칼럼] 황금알 낳는 반도체 …갈라먹기 바쁜 한국
  -> Success: 이 기사는 반도체 시장의 공급 조절 
[221/1215] Classifying: Global Markets Sway Amid Middle East Uncertainty a
  -> Success: 중동 불확실성과 유가 불안정 속 글로벌 시장 흔들
[222/1215] Classifying: Will petrol, diesel prices rise after elections? H
  -> Success: 선거 후 휘발유, 경유 가격이 오를까? 우리가 아는 것은 다음과 같습니다.
[223/1215] Classifying: Gold and silver price today, 24 April: Check live 
  -> Success: 오늘 금과 은 가격, 4월 24일: 델리, 뭄바이 등 도시의 24K, 22K 금, 999 은 실시간 시세 확인
[224/1215] Classifying: Diesel price today (24 April 2026): Iran ship seiz
  -> Success: 오늘 디젤 가격 (2026년 4월 24일): 이란의 호르무즈 해협 선박 나포로 유가 상승, 최신 도시별 요금 확인
[225/1215] Classifying: Crude oil price today in India trades flat despite
  -> Success: 미국-이란 전쟁 격화에도 불구하고 인도 원유 가격은 보합세를 보였다
[226/1215] Classifying: Gold price today: Rate declines amid elevated doll
  -> Success: 오늘의 금값: 달러 강세와 원유 가격 상승 속 하락; 전문가들 MCX 주요 지지선 주목
[227/1215] Classifying: Reliance seen posting quarterly profit fall on cru
  -> Success: 유가 급등 여파로 릴라이언스 분기 이익 감소 전망
[228/1215] Classifying: Trump claims US has total control over strait of H
  -> Success: 트럼프, 이란의 컨테이너선 2척 나포 후 "미국이 호르무즈 해협 완전 통제" 주장
[229/1215] Classifying: WTI, Brent after Israel-Lebanon ceasefire extensio
  -> Success: 이스라엘-레바논 휴전 연장에도 불구하고 WTI, 브렌트 유가 상승
[230/1215] Classifying: Brent Crude Rallies for Fifth Day; Surges Past $10
  -> Success: 브렌트유 5일 연속 랠리; 이란 핵 협상 교착 및 호르무즈 해협 봉쇄 우려로 106달러 돌파
[231/1215] Classifying: Trump news at a glance: a tale of two blockades as
  -> Success: 트럼프 뉴스 한눈에: 미국과 이란이 호르무즈 해협 통제권을 놓고 대립하며 봉쇄 위협 고조
[232/1215] Classifying: 러시아, OPEC+ 회의 앞두고 원유 공급 유지…새 제안은 없어
  -> Success: 러시아가 다가오는 OPEC+ 회의를 
[233/1215] Classifying: [김능구·황장수의 닥터둠의 전망 4월①][전문] "이란 전쟁, 끝이 안 보...
  -> Success: 이란 전쟁 가능성과 이스라엘-아랍 국
[234/1215] Classifying: Iran war hurting UK economy as consumer confidence
  -> Success: 이란 전쟁으로 영국 경제 위축, 소비자 신뢰 하락; BP 신임 회장 투자자 반발 겪어
[235/1215] Classifying: 호르무즈 변수에 출렁인 유가…단기는 오르고, 중장기는 내려간다
  -> Success: 호르무즈 해협 관련 지정학적 불안정성
[236/1215] Classifying: 민주당 완도군수 후보 우홍섭 확정! 무소속 김신과 격돌
  -> Success: 이 기사는 대한민국 완도군의 지방선거
[237/1215] Classifying: [HMM50년 돌아보기-22] 유조선 불황기에 선대 확장 역발상으로 성공
  -> Success: 이 기사는 2006년 OPEC 감산 
[238/1215] Classifying: Why are oil prices up today, and will US WTI, Bren
  -> Success: 오늘 유가가 상승한 이유는? 미국 WTI, 브렌트유 선물은 계속 오를까, 다시 내릴까? 애널리스트 분석, 시장 전망 및 투자 가이드
[239/1215] Classifying: Gabon expects to sign production-sharing contracts
  -> Success: 가봉 장관, BP 및 엑슨모빌과 6개월 내 생산 분배 계약 체결 전망
[240/1215] Classifying: Why Oil Could Easily Top $100 Again
  -> Success: 유가가 다시 쉽게 100달러를 넘을 수 있는 이유
[241/1215] Classifying: Why are oil and gas prices up now, and will US WTI
  -> Success: 현재 유가 및 천연가스 가격이 상승하는 이유는 무엇이며, 미국 WTI, 브렌트유 선물, 영국 및 네덜란드 가스 가격은 계속 오를 것인가 아니면 다시 하락할 것인가? 호르무즈 해협 폐쇄, 컨테이너선 총격 공격, 분석가들의 견해
[242/1215] Classifying: 금리 전망 ‘동결 기조’ 속 분기점...변수는 커진 ‘비용 압력’
  -> Success: 이 기사 스니펫은 OPEC 회원국들의
[243/1215] Classifying: Brent Back At $100: Oil Heats Up As Hormuz Blockad
  -> Success: 브렌트유 100달러 재돌파: 호르무즈 해협 봉쇄 지속에 유가 과열
[244/1215] Classifying: 국제법도 무시한 에너지 전쟁이 시작됐다
  -> Success: 1973년 OPEC의 석유 금수 조치
[245/1215] Classifying: Crude oil prices near $100 again as Strait of Horm
  -> Success: 호르무즈 해협 제약 지속으로 유가 다시 100달러 육박
[246/1215] Classifying: 러시아 나프타 시장, 최근 생산·수출 동향은?
  -> Success: 러시아의 OPEC+ 감산 참여와 우크
[247/1215] Classifying: [트럼프 스톡커] 기름난에 항공사들 절규, 빚 내거나 망하거나
  -> Success: 기사 내용은 OPEC+ 및 비OPEC
[248/1215] Classifying: 원유 전쟁과 호르무즈 이중봉쇄, 한국경제는 어디로 가나 / 김일태
  -> Success: 이 기사는 '원유 전쟁'과 '호르무즈
[249/1215] Classifying: 돈줄 막힌 UAE … 美에 달러스왑 긴급 요청
  -> Success: 이 기사는 사우디아라비아의 산유량이 
[250/1215] Classifying: 계속되는 중동 분쟁, 최선 기도하며 최악 대비해야
  -> Success: 중동 분쟁의 지속은 역내 원유 공급 
[251/1215] Classifying: [뉴욕은 지금] 이란은 결국 유가 구조를 바꿔놓을까
  -> Success: 이 기사는 OPEC 내 사우디아라비아
[252/1215] Classifying: '안갯속 중동전쟁' 불확실성 장기화... '탈 중동' 긴급 플랜B 가속
  -> Success: 중동 지정학적 불확실성 장기화는 유가
[253/1215] Classifying: 이란 전쟁發 인플레에 미국 선거구도 바뀌나[글로벌 현장]
  -> Success: OPEC 주요 산유국들의 원유 생산량
[254/1215] Classifying: 트럼프, 2차 종전협상 낙관...호르무즈 개방 직전 수상한 거래
  -> Success: 이 기사는 과거 OPEC 국가들이 이
[255/1215] Classifying: 미·이란 200억 달러 핵담판…트럼프 "돈 안준다" 공약 뒤집나
  -> Success: 미국과 이란 간 핵담판 가능성은 이란
[256/1215] Classifying: 이란·북한 ‘동반 위협’과 올바른 대응[포럼]
  -> Success: 본 기사는 OPEC 회원국인 이란의 
[257/1215] Classifying: [이준호의 N잡러칼럼] 시너지경영(42), 오일쇼크 이후, 뉴비즈니스의 판...
  -> Success: 이 기사는 과거 오일쇼크의 역사적 의
[258/1215] Classifying: 이란 전쟁 여파, 세계 석유 공급 하루 1010만 배럴 감소
  -> Success: 이란 전쟁 여파로 전 세계 석유 공급
[259/1215] Classifying: U.S.-Iran Ceasefire Uncertainty Keeps Oil Prices U
  -> Success: 미국-이란 휴전 불확실성으로 유가 하방 압력 지속
[260/1215] Classifying: [인터뷰] 이승석 "휴전 종료 후 환율 2가지 시나리오…'물리적 공급절벽...
  -> Success: 이 기사는 호르무즈 해협 봉쇄라는 잠
[261/1215] Classifying: 중동 發 인플레 공포, 2차 협상이 분수령
  -> Success: OPEC+ 주요국들의 대규모 감산과 
[262/1215] Classifying: "호르무즈 대체 석유 찾아라"..브라질·캐나다·멕시코産 확보 외교력 총...
  -> Success: 브라질의 OPEC+ 가입은 전 세계 
[263/1215] Classifying: 전쟁 격화시 글로벌 석유업계·OPEC+, 유가 100달러에 추가 이익 2340억달...
  -> Success: 이 기사는 전쟁 격화로 인한 지정학적
[264/1215] Classifying: 글로벌 석유 공급 불안 속 카자흐산 전략적 가치 부상
  -> Success: 중동 분쟁으로 인한 글로벌 석유 공급
[265/1215] Classifying: '호르무즈 역봉쇄' 美 중부사령부 "36시간 만에 해상 교역 완전 차단"
  -> Success: 미국이 호르무즈 해협 역봉쇄를 통해 
[266/1215] Classifying: IEA "걸프만 유전 절반, 호르무즈 해협 재개 후 2주 내 재가동 가능“
  -> Success: IEA의 보고서에 따르면 OPEC+의
[267/1215] Classifying: World's Top Oil Companies To Rake In Extra $234 Bi
  -> Success: 세계 최고 석유 기업들, 전쟁 이익으로 2,340억 달러 추가 수익 올릴 것
[268/1215] Classifying: [이준호의 N잡러칼럼] 시너지경영(41), 5번의 오일쇼크가 던진 경고 - 에...
  -> Success: 이 기사는 현재 상황을 OPEC 금수
[269/1215] Classifying: [더벨][Financial Index | HD현대그룹] 상장사 8곳 일제히 외형 확대, 조
  -> Success: OPEC+의 원유 증산은 글로벌 원유
[270/1215] Classifying: 석유 수요 하루 150만·공급은 1010만 배럴 감소, 불균형 심각
  -> Success: 이 기사는 OPEC+ 및 비OPEC+
[271/1215] Classifying: IEA "이란 전쟁 여파…올해 석유 공급량 최악"
  -> Success: IEA의 분석에 따르면 이란 전쟁 여
[272/1215] Classifying: 에너지 물가 25년 만에 최대 급등… 한국 휘발유 2000원인데 세계는 더 ...
  -> Success: OPEC+ 회원국들의 대규모 산유량 
[273/1215] Classifying: 고유가 ‘뉴노멀’ 되나… 원유 생산 코로나 이후 최대 감소
  -> Success: OPEC의 원유 생산량이 코로나19 
[274/1215] Classifying: IEA “중동 사태로 최악의 석유 공급 차질…올해 원유 수요 감소할 듯”
  -> Success: 국제에너지기구(IEA)의 중동발 최악
[275/1215] Classifying: IEA “석유 공급 사상 최악”…전쟁 여파에 수요 감소 전망
  -> Success: IEA는 OPEC+ 및 비OPEC+ 
[276/1215] Classifying: IEA “중동 전쟁 탓 석유 공급 최악…올해 수요 줄 것”
  -> Success: IEA 보고서는 중동 지정학적 긴장과
[277/1215] Classifying: IEA "중동전쟁, 최악의 석유 공급차질 빚어"
  -> Success: 중동 전쟁으로 인한 OPEC+의 대규
[278/1215] Classifying: OPEC Oil Production Slows Drastically Due to Iran 
  -> Success: 이란 전쟁으로 OPEC 원유 생산량 급감
[279/1215] Classifying: OPEC Oil Production Slows Drastically Due to Iran 
  -> Success: 이란 전쟁으로 OPEC 원유 생산량 급격히 감소
[280/1215] Classifying: OPEC: Middle East oil production plummets due to I
  -> Success: OPEC: 이란 전쟁으로 중동 원유 생산량 급감
[281/1215] Classifying: Middle East Oil Production Plunges Since March Due
  -> Success: OPEC 데이터에 따르면 이란 전쟁으로 3월 이후 중동 원유 생산량 급감
[282/1215] Classifying: OPEC: Middle East Oil Output Plunges Amid Iran War
  -> Success: OPEC: 이란 전쟁으로 중동 산유량 급감
[283/1215] Classifying: OPEC records 27% decrease in Middle East oil produ
  -> Success: OPEC, 3월 중동 원유 생산량 27% 감소 기록
[284/1215] Classifying: Middle East oil production plunges due to Iran war
  -> Success: 이란 전쟁으로 중동 원유 생산량 급감, OPEC 데이터 발표
[285/1215] Classifying: Oil Prices Surge Amid U.S.-Iran Tensions and Strai
  -> Success: 미국-이란 긴장 고조와 호르무즈 해협 대치로 유가 급등
[286/1215] Classifying: Trump’s Plans for Venezuelan Oil Run Headlong Into
  -> Success: 트럼프의 베네수엘라 석유 계획, 현실에 부딪히다
[287/1215] Classifying: UK’s FTSE 100 share index records best year since 
  -> Success: 영국 FTSE 100 주가 지수, 2009년 이후 최고 실적 기록
[288/1215] Classifying: UAE promises to withdraw forces from Yemen after b
  -> Success: UAE, 사우디 폭격 이후 예멘 주둔 병력 철수 약속
[289/1215] Classifying: Silver and other precious metals hit new peaks bef
  -> Success: 은 및 기타 귀금속, 최고점 도달 후 하락; 트럼프-젤렌스키 회담 후 유가 상승 - 실시간 보도
[290/1215] Classifying: Into the void: how Trump killed international law
  -> Success: 공허 속으로: 트럼프가 어떻게 국제법을 무너뜨렸나
[291/1215] Classifying: S&P 500 and Dow hit record highs as Santa rally re
  -> Success: S&P 500과 다우, 산타 랠리에 힘입어 월스트리트 사상 최고치 기록
[292/1215] Classifying: UK drivers being overcharged as fuel prices fail t
  -> Success: 영국 운전자들, 유가 추이 반영 못하는 연료 가격으로 과다 청구 (감시기관 조사 결과)
[293/1215] Classifying: EU Council says it has extended economic sanctions
  -> Success: EU 이사회, 대러 경제 제재 연장 발표
[294/1215] Classifying: Paramount sweetens bid for Warner Brothers with El
  -> Success: 파라마운트, 엘리슨 보증으로 워너 브라더스 인수 제안 상향; 영국 경제 성장률 하향 조정 – 실시간 속보
[295/1215] Classifying: Alarm over ‘exploding’ rise in use of sanctions-bu
  -> Success: 제재 회피용 '그림자 선단' 사용 급증에 대한 경고음
[296/1215] Classifying: US intercepts second merchant vessel off coast of 
  -> Success: 미국, 베네수엘라 연안 국제 해역에서 두 번째 상선 나포
[297/1215] Classifying: Democrats vow to fight Trump officials’ plan to ho
  -> Success: 민주당, 트럼프 행정부의 엡스타인 문서 일부 보류 계획에 맞서 싸울 것을 맹세 - 실시간
[298/1215] Classifying: Ukraine attacks Russian ‘shadow’ tanker off Libyan
  -> Success: 우크라이나, 리비아 해안서 러시아 '그림자' 유조선 공격
[299/1215] Classifying: Trump’s justice department reportedly racing to re
  -> Success: 트럼프 법무부, 엡스타인 파일 공개 기한 앞두고 문서 편집에 속도를 내고 있는 것으로 알려져
[300/1215] Classifying: BP opts for culture shock with new CEO appointment
  -> Success: BP, 신임 CEO 임명으로 변화 시도, 하지만 시점이 의아하다
[301/1215] Classifying: Prices Are Rising, but Not for Oil and Gas
  -> Success: 물가는 오르지만, 석유와 가스는 아니다
[302/1215] Classifying: Summer Gas Prices Haven’t Been This Low Since 2021
  -> Success: 여름철 휘발유 가격, 2021년 이후 최저치 기록
[303/1215] Classifying: Oil Prices Could Climb Higher if Mideast Tensions 
  -> Success: 중동 긴장 고조 시 유가 추가 상승 가능성
[304/1215] Classifying: Stocks Take Worst One-Day Tumble in Almost a Month
  -> Success: 중동 공격 이후 증시, 거의 한 달 만에 최악의 하루 낙폭 기록
[305/1215] Classifying: Global markets tipped to keep rising in 2025 despi
  -> Success: 글로벌 시장, 무역 전쟁 우려에도 2025년 지속 상승 전망
[306/1215] Classifying: More UK retailers in critical financial distress; 
  -> Success: 더 많은 영국 소매업체들이 심각한 재정난에 처해있으며, 패션 브랜드 퀴즈는 곧 추가 자금이 필요하다 – 실시간 보도
[307/1215] Classifying: Val Dancer wins Welsh Grand National: horse racing
  -> Failed: 1 validation error for ClassifiedArticle
category
  Input should be a valid string [type=string_type, input_value=None, input_type=NoneType]
    For further information visit https://errors.pydantic.dev/2.11/v/string_type
[308/1215] Classifying: Russia-Ukraine war: North Korea preparing to send 
  -> Success: 러시아-우크라이나 전쟁: 북한, 러시아에 병력 추가 파견 준비 중 - 한국 발표
[309/1215] Classifying: Middle East crisis: 20 killed in Gaza overnight wi
  -> Success: 중동 위기: 가자 지구에서 하룻밤 새 20명 사망, '인도주의 구역' 공격 포함
[310/1215] Classifying: Gaza war victims take legal action against BP over
  -> Success: 가자 전쟁 희생자들, 이스라엘 원유 공급 관련 BP에 법적 조치 제기
[311/1215] Classifying: Libyan PM resists Russia’s move to reinforce milit
WARNING:app.services.news_classifier:Failed to fetch title from http://test.com: [Errno 8] nodename nor servname provided, or not known
  -> Success: 리비아 총리, 러시아의 군사 기지 강화 움직임에 저항
[312/1215] Classifying: Beyond 2034: can the Saudi Arabia soccer dream tru
  -> Success: 2034년 이후: 사우디아라비아 축구의 꿈은 정말 지속 가능할까?
[313/1215] Classifying: In the end, Syria and Assad became just too toxic 
  -> Success: 결국 시리아와 아사드는 푸틴에게조차 너무 골칫거리가 되었다
[314/1215] Classifying: From the US to Uganda, how climate activism has be
  -> Success: 미국부터 우간다까지, 2024년 기후 활동이 어떻게 범죄화되었는가
[315/1215] Classifying: US inflation rises slightly; Close Brothers grante
  -> Success: 미국 인플레이션 소폭 상승; 클로즈 브라더스, 자동차 금융 판결 항소 허가받아 – 실시간 보도
[316/1215] Classifying: Cost of average UK Christmas dinner rises by 6.5%,
  -> Failed: 1 validation error for ClassifiedArticle
category
  Input should be a valid string [type=string_type, input_value=None, input_type=NoneType]
    For further information visit https://errors.pydantic.dev/2.11/v/string_type
[317/1215] Classifying: US supreme court hears oil railway case with envir
  -> Success: 미국 대법원, 환경 보호가 걸린 석유 철도 소송 심리
[318/1215] Classifying: Rachel Reeves warns of greater trade barriers with
  -> Success: 레이첼 리브스, EU와 관계 개선 없으면 무역 장벽 심화 경고 – 현장 소식
[319/1215] Classifying: Why Oil Prices Have Been Rising Recently
  -> Success: 최근 유가가 상승한 이유
[320/1215] Classifying: OPEC announces production cut
  -> Success: OPEC 감산 발표
[321/1215] Classifying: Test
  -> Failed: 1 validation error for ClassifiedArticle
category
  Input should be a valid string [type=string_type, input_value=None, input_type=NoneType]
    For further information visit https://errors.pydantic.dev/2.11/v/string_type
[322/1215] Classifying: Oil prices surge amid tensions
  -> Success: 긴장 고조로 유가 급등
[323/1215] Classifying: Smiles all round as financial markets end 2023 on 
  -> Success: 금융 시장, 예상을 뛰어넘는 호황으로 2023년 마감
[324/1215] Classifying: Climate scientists hail 2023 as ‘beginning of the 
  -> Success: 기후 과학자들, 2023년을 화석 연료 시대의 '종말의 시작'으로 평가
[325/1215] Classifying: Two people dead and a dozen injured after multi-ca
  -> Success: NSW 다중 차량 충돌 사고로 2명 사망, 10여 명 부상
[326/1215] Classifying: UK dealmaking shrinks in 2023, but economy predict
  -> Success: 2023년 영국 기업 거래 위축, 하지만 2024년 경제 '전환점' 맞이할 전망
[327/1215] Classifying: New York Times accuses ChatGPT maker OpenAI and Mi
  -> Success: 뉴욕 타임즈, 챗GPT 개발사 오픈AI와 마이크로소프트에 저작권 침해 혐의 제기 – 실시간 보도
[328/1215] Classifying: Uruguay’s green power revolution: rapid shift to w
  -> Success: 우루과이의 녹색 전력 혁명: 신속한 풍력 전환이 전 세계에 보여주는 본보기
[329/1215] Classifying: US says it shot down four drones in southern Red S
  -> Success: 미국, 예멘 후티 반군 통제 지역에서 발사된 드론 4대 홍해 남부에서 격추 발표
[330/1215] Classifying: How inflation stole Christmas across Europe
  -> Success: 유럽 전역에서 인플레이션이 어떻게 크리스마스를 망쳤는가
[331/1215] Classifying: More than 100 container ships rerouted from Suez c
  -> Success: 후티 공격 회피 위해 100척 이상 컨테이너선 수에즈 운하 대신 우회
[332/1215] Classifying: Russia-Ukraine war: Putin says Biden claim Russia 
  -> Success: 러시아-우크라이나 전쟁: 푸틴, 바이든의 NATO 공격설은 '허튼소리'라며 핀란드 국경 군사 배치 경고
[333/1215] Classifying: Cop28 has finally named fossil fuels as the main c
  -> Success: COP28, 마침내 화석 연료를 주요 기후 문제로 지목하다. 그러나 지도자들은 행동할 의지가 있는가?
[334/1215] Classifying: UK house prices to ‘fall up to 4%’ in 2024; busine
  -> Success: 영국 주택 가격 2024년 '최대 4% 하락' 전망; 12월 기업 활동 회복 – 실시간 보도
[335/1215] Classifying: Guyana, Venezuela, 11bn barrels of oil – and six c
  -> Success: 가이아나, 베네수엘라, 110억 배럴 석유 – 6세기 식민 갈등
[336/1215] Classifying: Cop28 failed to halt fossil fuels’ deadly expansio
  -> Success: COP28, 화석 연료 확장 계획 저지 실패... 이제 무엇을?
[337/1215] Classifying: Energy Sector Analysis: Oil and Gas
  -> Success: 에너지 부문 분석: 석유 및 가스
[338/1215] Classifying: Oil Prices Surge Amidst New Tensions
  -> Success: 새로운 긴장 고조 속 유가 급등
[339/1215] Classifying: OPEC+ Considers Production Cuts
  -> Success: OPEC+ 감산 고려
[340/1215] Classifying: Gas Prices Have Crept Higher This Summer, a Challe
  -> Success: 여름 동안 상승한 휘발유 가격, 연준의 과제
[341/1215] Classifying: Russia to Cut Oil Output in Response to Western Sa
  -> Success: 러시아, 서방 제재에 대응하여 원유 생산량 감축 발표
[342/1215] Classifying: How Russia Is Surviving the Tightening Grip on Its
  -> Success: 러시아가 자국 석유 수익에 대한 압박 속에서 어떻게 살아남고 있는가
[343/1215] Classifying: FTSE 100 index posts 0.9% gain for 2022; pound’s w
  -> Success: FTSE 100 지수, 2022년 0.9% 상승; 파운드화는 2016년 이후 최악의 한 해 기록
[344/1215] Classifying: Indian leather companies accused of enabling Russi
  -> Success: 인도 가죽 기업들, 러시아 전쟁 지원 혐의
[345/1215] Classifying: Russia-Ukraine war: Belarus summons Ukrainian amba
  -> Success: 러시아-우크라이나 전쟁: 벨라루스, 미사일 사건으로 우크라이나 대사 소환
[346/1215] Classifying: Oil hit by China Covid fears; European natural gas
  -> Success: 중국발 코로나 우려로 유가 하락; 유럽 천연가스 가격, 우크라이나 전쟁 이전 수준 밑돌아
[347/1215] Classifying: European gas prices fall to pre-Ukraine war level 
  -> Success: 유럽 가스 가격, 우크라이나 전쟁 이전 수준으로 하락
[348/1215] Classifying: Why environmental disaster victims are looking to 
  -> Success: 환경 재해 피해자들이 유럽 법원을 찾는 이유
[349/1215] Classifying: Russia-Ukraine war at a glance: what we know on da
  -> Success: 러시아-우크라이나 전쟁 한눈에 보기: 침공 308일째에 우리가 아는 것
[350/1215] Classifying: Kherson residents told to evacuate as bombardment 
  -> Success: 헤르손 주민들에게 포격 격화로 대피령, 젤렌스키 대통령 바흐무트 '피로 뒤덮였다' 언급
[351/1215] Classifying: Russia-Ukraine war live: air raid warning across U
  -> Success: 러시아-우크라이나 전쟁 실시간: 우크라이나 전역 공습 경보 발령; 러시아, 크레민나 인근에 대규모 예비군 투입 보도
[352/1215] Classifying: Soft plastic, not fantastic: what to do with Austr
  -> Failed: 1 validation error for ClassifiedArticle
category
  Input should be a valid string [type=string_type, input_value=None, input_type=NoneType]
    For further information visit https://errors.pydantic.dev/2.11/v/string_type
[353/1215] Classifying: Drama, dismay, triumph: nailbiting climax to the w
  -> Success: 드라마, 실망, 승리: 세계 생물다양성 협약의 손에 땀을 쥐게 하는 절정
[354/1215] Classifying: The year in Australian economics: inflation roars,
  -> Success: 호주 경제의 한 해: 인플레이션 급등, 금리 인상 타격, 실질 임금 폭락
[355/1215] Classifying:  Keystone pipeline raises concerns after third maj
  -> Success: 키스톤 파이프라인, 5년 내 세 번째 대규모 유출로 우려 증폭
[356/1215] Classifying: Cop15 summit: DRC drops objections to seal deal on
  -> Success: Cop15 정상회담: 콩고민주공화국, 생물 다양성 역사적 합의 서명에 반대 입장 철회
[357/1215] Classifying: Oil Climbs as Western Nations Single Out Russia
  -> Success: 서방의 러시아 제재로 유가 상승
[358/1215] Classifying: Oil Prices Slide as Investors Worry Energy Demand 
  -> Success: 투자자들의 에너지 수요 둔화 우려에 유가 하락
[359/1215] Classifying: Putin Is Onto Us
  -> Success: 푸틴이 우리의 약점을 간파했다
[360/1215] Classifying: Gas Prices in U.S. Rise for a Second Week After Re
  -> Failed: 1 validation error for ClassifiedArticle
category
  Input should be a valid string [type=string_type, input_value=None, input_type=NoneType]
    For further information visit https://errors.pydantic.dev/2.11/v/string_type
[361/1215] Classifying: Transcript: Ezra Klein Interviews Daniel Yergin
  -> Success: 에즈라 클라인, 대니얼 예르긴 인터뷰 전문
[362/1215] Classifying: Russian Oil Not Worth the Trouble, Some Traders Co
  -> Success: 러시아산 원유, 거래할 가치 없어... 일부 트레이더 결론
[363/1215] Classifying: FTSE 100 rallies 14.3% in 2021, its best year sinc
  -> Success: FTSE 100 지수, 2021년 14.3% 상승하여 2016년 이후 최고 실적 기록 – 실시간 보도
[364/1215] Classifying: FTSE 100 bounces back despite Covid to finish 14.3
  -> Success: FTSE 100 지수, 코로나에도 불구하고 반등하며 2021년 14.3% 상승 마감
[365/1215] Classifying: FTSE 100 hits 22-month high as shares recover Covi
  -> Failed: 1 validation error for ClassifiedArticle
category
  Input should be a valid string [type=string_type, input_value=None, input_type=NoneType]
    For further information visit https://errors.pydantic.dev/2.11/v/string_type
[366/1215] Classifying: FTSE 100 returns to pre-pandemic level as investor
  -> Success: 투자자들의 오미크론 우려 완화로 FTSE 100, 팬데믹 이전 수준 회복
[367/1215] Classifying: Engineering the future: meet the Africa prize shor
  -> Success: 미래를 설계하다: 아프리카상 최종 후보 혁신가들을 만나다
[368/1215] Classifying: Ryanair doubles annual loss forecast over Omicron;
  -> Success: 라이언에어, 오미크론으로 연간 손실 전망 두 배 상향; 가스 가격 기록적인 수준 근접 – 실시간 보도
[369/1215] Classifying: By ditching landmark climate legislation, America 
  -> Success: 미국이 획기적인 기후 법안을 포기함으로써 세계를 위험하게 만든다 | 케이트 애러노프
[370/1215] Classifying: UK company insolvencies rise over pre-pandemic lev
  -> Success: 영국 기업 파산, 팬데믹 이전 수준 상회; 독일 경기 침체 위기 – 속보
[371/1215] Classifying: Bank of England: UK interest rates hiked to 0.25% 
  -> Success: 영국 중앙은행, 인플레이션 급등에 맞서 금리 0.25% 인상 – 비즈니스 라이브
[372/1215] Classifying: Texas oil company charged in massive spill off sou
  -> Success: 미국 남부 캘리포니아 해안 대규모 기름 유출 사건으로 텍사스 석유 회사 기소
[373/1215] Classifying: UK inflation soars to 10-year high of 5.1%; Federa
  -> Success: 영국 인플레이션 10년래 최고치 5.1% 기록; 연방준비제도 테이퍼링 가속화
[374/1215] Classifying: UK inflation jumps to 10-year high as petrol price
  -> Success: 영국 인플레이션, 휘발유 가격 급등 속에 10년래 최고치 기록
[375/1215] Classifying: UK jobless rate falls and vacancies hit record; Om
  -> Success: 영국 실업률 하락 및 구인 건수 사상 최고치 기록; 오미크론, 원유 수요 타격 전망 – 실시간 보도
[376/1215] Classifying: Omicron restriction worries hit travel and leisure
  -> Success: 오미크론 변이 규제 우려가 여행 및 레저 주식에 타격을 주다 – 실시간 보도
[377/1215] Classifying: The United States and other world powers will tap 
  -> Success: 미국 및 주요국들이 비축유를 방출할 예정이다.
[378/1215] Classifying: With Gas Prices High, Calls Grow to Tap Strategic 
  -> Success: 높은 휘발유 가격으로 전략 비축유 방출 요구 증대
[379/1215] Classifying: OPEC Plus Agrees on Oil Production Increase, Easin
  -> Success: OPEC 플러스, 원유 생산량 증대 합의로 공급 및 가격 압박 완화
[380/1215] Classifying: Gas prices are expected to keep climbing through A
  -> Success: 8월 내내 휘발유 가격 상승이 예상됩니다.
[381/1215] Classifying: Oil price gains put OPEC Plus in a strong position
  -> Success: 유가 상승으로 OPEC+의 입지 강화
[382/1215] Classifying: OPEC and Allies Hold the Cards as Prices and Deman
  -> Success: OPEC과 동맹국들, 유가 및 수요 상승 속 주도권 확보
[383/1215] Classifying: Bitcoin hits record high as US dollar slides – as 
  -> Success: 미국 달러 약세 속 비트코인 사상 최고가 경신 - 실시간 보도
[384/1215] Classifying: 'I've never seen anything like it': 2020 smashes r
  -> Success: 2020년 글로벌 시장, 전례 없는 기록 경신 '이런 적은 없었다'
[385/1215] Classifying: FTSE 100 hits nine-month high amid Brexit deal rel
  -> Failed: 1 validation error for ClassifiedArticle
category
  Input should be a valid string [type=string_type, input_value=None, input_type=NoneType]
    For further information visit https://errors.pydantic.dev/2.11/v/string_type
[386/1215] Classifying: Pound jumps on Brexit deal hopes; US jobless claim
  -> Success: 브렉시트 합의 기대감에 파운드화 급등; 미국 실업수당 청구 건수 감소 – 실시간 보도
[387/1215] Classifying: Guardian style guide: O
  -> Failed: 1 validation error for ClassifiedArticle
category
  Input should be a valid string [type=string_type, input_value=None, input_type=NoneType]
    For further information visit https://errors.pydantic.dev/2.11/v/string_type
[388/1215] Classifying: FTSE 100 and sterling slump amid UK Covid-19 freig
  -> Success: 영국 코로나19 화물 봉쇄 속 FTSE 100 지수 및 파운드화 급락 - 실시간 업데이트
[389/1215] Classifying: How did the Covid crisis affect your finances in 2
  -> Success: 2020년 코로나 위기가 개인 재정에 어떤 영향을 미쳤나요?
[390/1215] Classifying: Markets at record highs amid rising optimism of a 
  -> Success: 팬데믹 회복 낙관론 고조 속 시장 최고치 기록
[391/1215] Classifying: As oil prices languish, Alberta sees its future in
  -> Failed: 1 validation error for ClassifiedArticle
category
  Input should be a valid string [type=string_type, input_value=None, input_type=NoneType]
    For further information visit https://errors.pydantic.dev/2.11/v/string_type
[392/1215] Classifying: Pound rises as Brexit trade deal talks continue – 
  -> Success: 브렉시트 무역 협상 지속에 파운드화 상승 - 실시간 보도
[393/1215] Classifying: Australia news live: drug decriminalisation bill t
  -> Failed: 1 validation error for ClassifiedArticle
category
  Input should be a valid string [type=string_type, input_value=None, input_type=NoneType]
    For further information visit https://errors.pydantic.dev/2.11/v/string_type
[394/1215] Classifying: ECB's €500bn stimulus; US jobless claims jump; UK 
  -> Success: ECB 5천억 유로 부양책; 미국 실업수당 청구 급증; 영국 성장 둔화 – 실시간 상황
[395/1215] Classifying: Pound volatility jumps ahead of crunch Brexit talk
  -> Success: 핵심 브렉시트 협상을 앞두고 파운드 변동성 급증 – 실시간
[396/1215] Classifying: UK grocery sales hit record; Brexit and Covid-19 w
  -> Success: 영국 식료품 판매 사상 최고치 기록; 브렉시트와 코로나19가 시장에 부담을 줌 – 실시간 업데이트
[397/1215] Classifying: Oil Prices Are Coming Back as Demand Rises
  -> Success: 수요 증가로 유가 회복세
[398/1215] Classifying: When an Oil Price War Meets Coronavirus Fears, Mar
  -> Success: 유가 전쟁과 코로나바이러스 공포의 만남, 시장은 직격탄을 맞았다
[399/1215] Classifying: OPEC Tries to Head Off Oil Glut as Coronavirus Sap
  -> Success: OPEC, 코로나바이러스로 인한 수요 감소에 맞서 유가 과잉 공급 해소 시도
[400/1215] Classifying: From renewables to Netflix: the 15 super-trends th
  -> Success: 재생에너지부터 넷플릭스까지: 2010년대를 정의한 15가지 슈퍼 트렌드
[401/1215] Classifying: ‘My moment’: the activists fighting climate crisis
  -> Success: '나의 순간': 기후 위기에 맞서 싸우고 선거에서 승리하는 활동가들
[402/1215] Classifying: Surreal scenes from Christmas parade in Cancer All
  -> Success: 암 골목 크리스마스 퍼레이드의 초현실적 장면들 - 화보
[403/1215] Classifying: Syria faces winter crisis as bombs bring food, fue
  -> Success: 시리아, 폭격으로 식량, 연료, 구호품 부족에 직면하며 겨울 위기 심화
[404/1215] Classifying: Blackwater founder Erik Prince secretly met Venezu
  -> Success: 블랙워터 창립자 에릭 프린스, 베네수엘라 부통령과 비밀 회동
[405/1215] Classifying: Wall Street hits high as Trump raises hopes of US-
  -> Success: 트럼프의 미중 무역 협상 기대감 고조로 월스트리트 강세
[406/1215] Classifying: David Bellamy: farewell to the man who could have 
  -> Failed: 1 validation error for ClassifiedArticle
category
  Input should be a valid string [type=string_type, input_value=None, input_type=NoneType]
    For further information visit https://errors.pydantic.dev/2.11/v/string_type
[407/1215] Classifying: Saudi Aramco IPO: Oil giant nears $2trn valuation 
  -> Success: 사우디 아람코 IPO: 기후 우려에도 2조 달러 가치에 육박 - 비즈니스 라이브
[408/1215] Classifying: Paul Volcker, US Fed chief under Carter and Reagan
  -> Failed: 1 validation error for ClassifiedArticle
category
  Input should be a valid string [type=string_type, input_value=None, input_type=NoneType]
    For further information visit https://errors.pydantic.dev/2.11/v/string_type
[409/1215] Classifying: Tullow Oil shares dive as chief is ousted amid pro
  -> Failed: 1 validation error for ClassifiedArticle
category
  Input should be a valid string [type=string_type, input_value=None, input_type=NoneType]
    For further information visit https://errors.pydantic.dev/2.11/v/string_type
[410/1215] Classifying: Iran unveils 'budget to resist US sanctions' with 
  -> Success: 이란, 러시아 50억 달러 차관으로 '미국 제재 저항 예산' 공개
[411/1215] Classifying: Why Texas’s fossil fuel support will ‘spell disast
  -> Success: 텍사스의 화석 연료 지원이 기후 위기에 '재앙'이 될 이유
[412/1215] Classifying: US economy smashes forecasts with 266,000 new jobs
  -> Success: 미국 경제, 11월 신규 일자리 26만 6천개 증가로 예상치 크게 상회 - 비즈니스 라이브
[413/1215] Classifying: Opec to slash oil production to help prop up price
  -> Success: OPEC, 유가 지지를 위해 원유 생산량 50만 배럴 추가 감축 예정
[414/1215] Classifying: Is the U.S. Oil Industry Dominant? On the Verge of
  -> Success: 미국 석유 산업은 지배적인가? 아니면 멸망 직전인가? 둘 다 아니다.
[415/1215] Classifying: FTSE 100 suffers worst year in a decade, falling 1
  -> Success: FTSE 100, 2018년 12.5% 하락하며 10년 만에 최악의 한 해 기록
[416/1215] Classifying: 2018 highs and lows: five markets that have surged
  -> Failed: 1 validation error for ClassifiedArticle
category
  Input should be a valid string [type=string_type, input_value=None, input_type=NoneType]
    For further information visit https://errors.pydantic.dev/2.11/v/string_type
[417/1215] Classifying: From 'rice bunny' to 'back up the car': China's ye
  -> Failed: 1 validation error for ClassifiedArticle
category
  Input should be a valid string [type=string_type, input_value=None, input_type=NoneType]
    For further information visit https://errors.pydantic.dev/2.11/v/string_type
[418/1215] Classifying: European shares power ahead as market rally gather
  -> Success: 유럽 증시, 시장 랠리 탄력받아 상승세 지속 - 실시간
[419/1215] Classifying: World stocks volatile as Wall Street boom fades - 
  -> Success: 세계 증시 변동성 확대, 월스트리트 상승세 약화
[420/1215] Classifying: How has Brexit vote affected the UK economy? Decem
  -> Success: 브렉시트 투표가 영국 경제에 미친 영향은? 12월 평가
[421/1215] Classifying: Jittery markets steady as Fed governor calms rate 
  -> Success: 연준 총재의 금리 인상 우려 완화 발언에 불안했던 시장 진정 - 비즈니스 라이브
[422/1215] Classifying: Canada spawns its own yellow vest protests – with 
  -> Success: 캐나다, 극우 포퓰리즘 가미된 '노란 조끼' 시위 촉발
[423/1215] Classifying: Bank of England leaves interest rates on hold as B
  -> Success: 영란은행, 브렉시트 경제 타격 우려로 금리 동결
[424/1215] Classifying: Toxic mud swamps fortunes of Niger Delta women yea
  -> Failed: 1 validation error for ClassifiedArticle
category
  Input should be a valid string [type=string_type, input_value=None, input_type=NoneType]
    For further information visit https://errors.pydantic.dev/2.11/v/string_type
[425/1215] Classifying: Growth fears drive FTSE 100 to two-year closing lo
  -> Success: 성장 우려로 FTSE 100 지수 2년 만에 최저치 마감 - 실시간 보도
[426/1215] Classifying: Revealed: FBI kept files on peaceful climate chang
  -> Failed: 1 validation error for ClassifiedArticle
category
  Input should be a valid string [type=string_type, input_value=None, input_type=NoneType]
    For further information visit https://errors.pydantic.dev/2.11/v/string_type
[427/1215] Classifying: Markets rally as hopes for breakthrough in US-Chin
  -> Success: 미중 무역 분쟁 해결 기대감에 시장 랠리
[428/1215] Classifying: Markets rally as China 'rewrites economic plan'; p
  -> Success: 중국 '경제 계획 재작성'에 시장 랠리; 파운드화 $1.26 돌파 - 실시간
[429/1215] Classifying: Oil Prices Reverse Their Rise, and Drivers May See
  -> Success: 유가 상승세 반전, 운전자들 안도할 수도
[430/1215] Classifying: Eight things that will (probably) happen to your m
  -> Success: 2018년 당신의 돈에 (아마도) 일어날 여덟 가지 일들
[431/1215] Classifying: A record-breaking year - the global economy in 10 
  -> Success: 기록적인 한 해 - 10가지 차트로 본 글로벌 경제
[432/1215] Classifying: Trump claims China 'caught red handed' transferrin
  -> Success: 트럼프, 중국이 북한에 석유 불법 이전 '현행범'으로 잡혔다고 주장
[433/1215] Classifying: Electric passenger jet revolution looms as E-Fan X
  -> Success: 전기 여객기 혁명 임박, E-Fan X 프로젝트 가동 시작
[434/1215] Classifying: The Amazon town, a coral reef, big oil, and a cata
  -> Success: 아마존 마을, 산호초, 거대 석유 기업, 그리고 다가오는 재앙
[435/1215] Classifying: Venezuela’s opposition wins EU’s prestigious human
  -> Success: 베네수엘라 야권, EU의 권위 있는 인권상 수상
[436/1215] Classifying: Wednesday briefing: Alabama drama ding-dong
  -> Success: 수요일 브리핑: 앨라배마 드라마 딩동
[437/1215] Classifying: UK fuel prices could rise by 3p a litre after Nort
  -> Success: 북해 파이프라인 폐쇄 후 영국 연료 가격 리터당 3페니 인상 가능성
[438/1215] Classifying: UK faces Christmas squeeze as inflation hits 3.1%,
  -> Success: 영국, 인플레이션 3.1% 기록하며 임금 상승률 추월... 크리스마스 소비 위축 우려
[439/1215] Classifying: Monday briefing: Maybe give today a miss
  -> Failed: 1 validation error for ClassifiedArticle
category
  Input should be a valid string [type=string_type, input_value=None, input_type=NoneType]
    For further information visit https://errors.pydantic.dev/2.11/v/string_type
[440/1215] Classifying: Low skills, low pay: that’s really why Brexit camp
  -> Success: 낮은 기술, 낮은 임금: 이것이 바로 브렉시트 지지자들이 탈퇴를 원하는 진짜 이유
[441/1215] Classifying: Markets edgy on geopolitical worries, but bitcoin 
  -> Success: 시장, 지정학적 우려에 긴장했지만 비트코인 1만2천 달러 돌파 - 실시간
[442/1215] Classifying: Opec extends production curbs to end of 2018 to bo
  -> Success: OPEC, 유가 지지를 위해 2018년 말까지 생산량 감축 연장
[443/1215] Classifying: Opec extends oil production cuts; bitcoin plunges 
  -> Success: OPEC, 원유 생산 감축 연장 결정
[444/1215] Classifying: Drivers Head Into Summer With a Gift at the Gas Pu
  -> Failed: 1 validation error for ClassifiedArticle
category
  Input should be a valid string [type=string_type, input_value=None, input_type=NoneType]
    For further information visit https://errors.pydantic.dev/2.11/v/string_type
[445/1215] Classifying: Oil Prices: What to Make of the Volatility
  -> Success: 유가: 변동성을 어떻게 해석할 것인가
[446/1215] Classifying: Oil Prices: What to Make of the Volatility
  -> Success: 유가 변동성: 어떻게 해석해야 하는가?
[447/1215] Classifying: A tumultuous year: the 2016 global economy in 10 c
  -> Success: 격동의 한 해: 10개 차트로 보는 2016년 세계 경제
[448/1215] Classifying: FTSE 100 ends 2016 at all-time high of 7142 points
  -> Success: FTSE 100, 2016년 사상 최고치 7142포인트로 마감 - 실시간 소식
[449/1215] Classifying: FTSE 100 ends 2016   at all-time high after surge 
  -> Success: FTSE 100, 달러 수익 기업 급증으로 2016년 사상 최고치 마감
[450/1215] Classifying: Teargas, trees and oil: my life in the greatest jo
  -> Failed: 1 validation error for ClassifiedArticle
category
  Input should be a valid string [type=string_type, input_value=None, input_type=NoneType]
    For further information visit https://errors.pydantic.dev/2.11/v/string_type
[451/1215] Classifying: Putin press conference: don't blame me for Democra
  -> Success: 푸틴 기자회견: 민주당의 선거 패배는 내 탓이 아니다 – 라이브 중계
[452/1215] Classifying: CBI signals strong end to the year for UK manufact
  -> Success: 영국 제조업 연말 강세 신호 – 비즈니스 라이브
[453/1215] Classifying: Will Rick Perry's pro-wind power stance carry on i
  -> Success: 릭 페리의 친풍력발전 기조가 트럼프 행정부에서도 이어질까?
[454/1215] Classifying: Janet Yellen: US interest rate rise 'vote of confi
  -> Success: 재닛 옐런: 미국 금리 인상, 경제에 대한 '신뢰의 증표' – 실시간 상황
[455/1215] Classifying: UK jobs improvement has stalled as employers wait 
  -> Success: 영국 고용 시장 개선세 둔화, 기업들은 브렉시트 추이를 관망 중
[456/1215] Classifying: Why is UK inflation rising so quickly? Blame Brexi
  -> Success: 영국 인플레이션이 빠르게 상승하는 이유: 브렉시트와 유가 때문
[457/1215] Classifying: Leaked BP report reveals serious near-miss acciden
  -> Success: 유출된 BP 보고서, 심각한 준사고들 드러내
[458/1215] Classifying: FTSE edges higher after inflation figures while IT
  -> Success: FTSE, 인플레이션 수치 발표 후 소폭 상승; ITV는 인수 기대감에 급등
[459/1215] Classifying: Sky should hold out for more from Rupert Murdoch |
  -> Success: 스카이, 루퍼트 머독에게 더 많은 것을 요구해야 한다 | 닐스 프랫리
[460/1215] Classifying: UK petrol prices could rise by 3p a litre after Op
  -> Success: OPEC 석유 합의 이후 영국 휘발유 가격 리터당 3펜스 상승 가능성
[461/1215] Classifying: Gloomy Days in the Oil Patch, but Some See a Glimm
  -> Success: 원유 시장의 암울한 나날, 하지만 희망의 불씨도 보인다
[462/1215] Classifying: Oil Price Falls as Global Growth Anxiety Weighs on
  -> Success: 글로벌 성장 둔화 우려가 시장을 압박하며 유가 하락
[463/1215] Classifying: FTSE 100 ends 2015 among world's worst performing 
  -> Success: FTSE 100, 2015년 세계 최악의 시장 중 하나로 마감
[464/1215] Classifying: FTSE 100 index posts 5% loss for 2015 - business l
  -> Success: FTSE 100 지수 2015년 5% 손실 기록 - 비즈니스 라이브
[465/1215] Classifying: The biggest climate stories of 2015
  -> Success: 2015년 주요 기후 관련 뉴스
[466/1215] Classifying: Ed Victor – an honoured literary agent
  -> Success: 에드 빅터 – 영예로운 문학 에이전트
[467/1215] Classifying: What will happen in 2016?
  -> Success: 2016년에는 무슨 일이 일어날까?
[468/1215] Classifying: Oil prices plummet again as Saudi Arabia vows to m
  -> Success: 사우디아라비아가 생산량 유지를 약속하며 유가 다시 급락
[469/1215] Classifying: IMF chief Lagarde warns of disappointing global gr
  -> Success: IMF 라가르드 총재, 2016년 글로벌 성장 둔화 경고
[470/1215] Classifying: Recession, retrenchment, revolution? Impact of low
  -> Success: 경기 침체, 긴축, 혁명? 저유가가 산유국에 미치는 영향
[471/1215] Classifying: Revealed: Thatcher's mystery gems, Reagan's readin
  -> Failed: 1 validation error for ClassifiedArticle
category
  Input should be a valid string [type=string_type, input_value=None, input_type=NoneType]
    For further information visit https://errors.pydantic.dev/2.11/v/string_type
[472/1215] Classifying: Global markets climb on rising US confidence and h
  -> Success: 미국 신뢰도 상승과 유가 강세로 글로벌 시장 상승세
[473/1215] Classifying: Factories forecast to shed tens of thousands of jo
  -> Success: 2016년 공장 수만 개 일자리 감소 예상
[474/1215] Classifying: 2016 will be a year of living dangerously for the 
  -> Success: 2016년, 글로벌 경제는 위험천만한 한 해를 맞이할 것이다
[475/1215] Classifying: Five factors that shook the world’s markets in 201
  -> Success: 2015년 세계 시장을 뒤흔든 다섯 가지 요인
[476/1215] Classifying: 2016: The year of living precariously
  -> Success: 2016년: 불확실성의 한 해
[477/1215] Classifying: Oil Supply Picture Has Changed Since Keystone Was 
  -> Success: 키스톤 제안 이후 원유 공급 구도가 변화했다
[478/1215] Classifying: Morning Agenda: Chinese Stocks Slide After U.S. Se
  -> Success: 아침 의제: 미국 증시 매도세 이후 중국 증시 하락
[479/1215] Classifying: Prices Are Down, but Saudis Keep Oil Flowing
  -> Success: 유가는 하락했지만 사우디는 원유 공급을 유지한다
[480/1215] Classifying: Holiday Travelers at Highest Since 2005, Despite R
  -> Success: 휘발유 가격 상승에도 불구하고 2005년 이후 최고치를 기록한 휴일 여행객 수
[481/1215] Classifying: New Balance of Power
  -> Success: 새로운 힘의 균형
[482/1215] Classifying: Q. and A.: Matt Ferchen on China and the Price of 
  -> Success: 질의응답: 매트 퍼천이 말하는 중국과 유가
[483/1215] Classifying: Saudi Arabia’s Succession Line Is Set, but the Nat
  -> Success: 사우디아라비아의 승계는 확정되었지만, 국가의 미래 경로는 불확실하다
[484/1215] Classifying: Oil Output Seen Rising, Despite Fall in Its Price
  -> Success: 유가 하락에도 불구하고 원유 생산량 증가 전망
[485/1215] Classifying: Oil Prices Fall to Lowest Since 2009
  -> Success: 유가, 2009년 이후 최저치 기록
[486/1215] Classifying: Trying to Capitalize on Lower Oil Prices, Through 
  -> Success: 하락 유가를 활용하여 ETF를 통해 수익을 얻으려는 시도
[487/1215] Classifying: Share tips for 2015: will fashion flourish? will a
  -> Success: 2015년 주식 투자 조언: 패션 산업은 번성할까? 항공사 주가는 날아오를까?
[488/1215] Classifying: Polish farmers threaten uprising over opencast coa
  -> Success: 폴란드 농민들, 노천 탄광 건설에 반대하며 봉기 위협
[489/1215] Classifying: Oil price dips further as US opens crude exports
  -> Success: 미국 원유 수출 허용으로 유가 추가 하락
[490/1215] Classifying: FTSE edges up on day but £46bn wiped off top compa
  -> Success: 영국 증시, 성장 우려 및 유가 하락으로 침체
[491/1215] Classifying: FTSE 100 edges higher but Bwin and Lonmin dip afte
  -> Success: FTSE 100 소폭 상승, Bwin과 론민은 업데이트 소식에 하락
[492/1215] Classifying: London house prices widen gap with rest of UK - li
  -> Failed: 1 validation error for ClassifiedArticle
category
  Input should be a valid string [type=string_type, input_value=None, input_type=NoneType]
    For further information visit https://errors.pydantic.dev/2.11/v/string_type
[493/1215] Classifying: FTSE to break 12 year run of December gains after 
  -> Success: FTSE, 유가 및 광업 부문 부진으로 12년간의 12월 상승세 마감 예상
[494/1215] Classifying: FTSE falters after eight days of gains as oil slid
  -> Success: 유가 하락에 FTSE 지수 흔들려, 브렌트유는 5년 반 만에 최저치 기록
[495/1215] Classifying: 2015 will be a year of political thrills – and col
  -> Failed: 1 validation error for ClassifiedArticle
category
  Input should be a valid string [type=string_type, input_value=None, input_type=NoneType]
    For further information visit https://errors.pydantic.dev/2.11/v/string_type
[496/1215] Classifying: FTSE shrugs off Greek worries as Royal Mail benefi
  -> Success: FTSE는 City Link의 소멸로 Royal Mail이 이익을 얻으면서 그리스 우려를 떨쳐냄
[497/1215] Classifying: Why ‘life will go on’ thesis about global economy 
  -> Success: 2015년 글로벌 경제에 대한 '삶은 계속될 것'이라는 낙관론이 통하지 않을 수도 있는 이유
[498/1215] Classifying: Observer Business Agenda Awards 2014
  -> Success: 옵저버 비즈니스 어젠다 어워드 2014
[499/1215] Classifying: Five issues that will make – or break – the world 
  -> Success: 2015년 세계 경제의 성패를 가를 다섯 가지 문제
[500/1215] Classifying: 15 things to look forward to in 2015
  -> Success: 2015년에 기대할 만한 15가지
[501/1215] Classifying: Oil’s Swift Fall Raises Fortunes of U.S. Abroad
  -> Success: 급격한 유가 하락, 미국에 유리하지만 해외에 불안정 초래
[502/1215] Classifying: Oil Breaks $60 Threshold for First Time in 5 Years
  -> Success: 유가, 5년 만에 60달러 선 붕괴
[503/1215] Classifying: Oil Falls to 5-Year Low, and Energy Companies Star
  -> Success: 유가 5년 최저치로 하락, 에너지 기업들 사업 축소 시작
[504/1215] Classifying: Free Fall in Oil Price Underscores Shift Away From
  -> Success: 유가 폭락, OPEC 영향력 상실을 시사
[505/1215] Classifying: In the U.S., a Turning Point in the Flow of Oil
  -> Success: 미국, 원유 흐름의 전환점
[506/1215] Classifying: Oil Industry in Iraq Faces Setback to Revival
  -> Success: 이라크 석유 산업, 부흥에 차질 직면
[507/1215] Classifying: Debenhams profit warning; Barclays boss on the Tod
  -> Success: 데베넘스 실적 경고; 바클레이즈 CEO의 투데이 프로그램 출연 – 속보
[508/1215] Classifying: Train collision in North Dakota sets oil cars abla
  -> Success: 노스다코타 열차 충돌, 원유 운반차량 화재 발생 - 영상
[509/1215] Classifying: Former BP geologist: peak oil is here and it will 
  -> Success: 전 BP 지질학자: 피크 오일이 도래했고 '경제를 파괴할 것'
[510/1215] Classifying: FCA: 43% more reports of suspicious trades in wake
  -> Failed: 1 validation error for ClassifiedArticle
category
  Input should be a valid string [type=string_type, input_value=None, input_type=NoneType]
    For further information visit https://errors.pydantic.dev/2.11/v/string_type
[511/1215] Classifying: UK manufacturing becoming great again, says Vince 
  -> Success: 영국 제조업, 다시 위대해지고 있다
[512/1215] Classifying: Study links BP oil spill to dolphin deaths
  -> Success: BP 원유 유출 사고와 돌고래 폐사 간의 연관성 연구
[513/1215] Classifying: Energy bills: George Osborne maintains £50 pledge 
  -> Success: 에너지 요금: 조지 오스본, 가을 예산안에서 50파운드 공약 유지
[514/1215] Classifying: The autumn statement is a political ritual without
  -> Failed: 1 validation error for ClassifiedArticle
category
  Input should be a valid string [type=string_type, input_value=None, input_type=NoneType]
    For further information visit https://errors.pydantic.dev/2.11/v/string_type
[515/1215] Classifying: Are biofuels worse than fossil fuels?
  -> Success: 바이오연료가 화석연료보다 더 나쁜가?
[516/1215] Classifying: Equilateral by Ken Kalfus – review
  -> Failed: 1 validation error for ClassifiedArticle
category
  Input should be a valid string [type=string_type, input_value=None, input_type=NoneType]
    For further information visit https://errors.pydantic.dev/2.11/v/string_type
[517/1215] Classifying: Canadian Arctic port and rail company pins hope fo
  -> Success: 캐나다 북극 항만 및 철도 회사, 원유 수출로 재도약 희망
[518/1215] Classifying: Scottish government publishes white paper on indep
  -> Failed: 1 validation error for ClassifiedArticle
category
  Input should be a valid string [type=string_type, input_value=None, input_type=NoneType]
    For further information visit https://errors.pydantic.dev/2.11/v/string_type
[519/1215] Classifying: DAX hits another record high as markets welcome Ir
  -> Success: 이란 핵 협상 타결 환영 속 DAX 지수 사상 최고치 경신 - 실시간 보도
[520/1215] Classifying: Battle looms over Iran nuclear deal as Congress pu
  -> Success: 미 의회가 오바마의 이란 핵 합의에 반대하며 대결 임박
[521/1215] Classifying: 2013 will be the same old story for business – and
  -> Success: 2013년은 기업에 있어 예전과 같은 이야기가 될 것이며, 여전히 해피엔딩은 없을 것이다
[522/1215] Classifying: Drought, icemelt, superstorms ... a review of 2012
  -> Success: 가뭄, 빙하 해빙, 슈퍼스톰... 2012년 환경 뉴스 회고
[523/1215] Classifying: New-wave economies going for growth
  -> Success: 신흥 경제국들의 고성장 지속 전망
[524/1215] Classifying: Nicola Sturgeon faces accusation of backtracking o
  -> Success: 스코틀랜드의 EU 미래에 대한 니콜라 스터전의 입장 번복 논란
[525/1215] Classifying: Nigeria's top banker denies wrongdoing over £5bn m
  -> Success: 나이지리아 최고 은행가, 50억 파운드 실종 자금 관련 부정행위 부인
[526/1215] Classifying: Heathrow runway delay is hurting aviation industry
  -> Success: 히드로 활주로 지연이 항공 산업에 피해를 주고 있다고 IATA 사무총장 경고
[527/1215] Classifying: Oil demand in 2013 to rise as world economy recove
  -> Success: IEA, 세계 경제 회복에 따라 2013년 원유 수요 증가 전망
[528/1215] Classifying: Guardian Weekly Letters, 14 December 2012
  -> Failed: 1 validation error for ClassifiedArticle
category
  Input should be a valid string [type=string_type, input_value=None, input_type=NoneType]
    For further information visit https://errors.pydantic.dev/2.11/v/string_type
[529/1215] Classifying: Can flex-fuel cars put US on the road to low oil p
  -> Success: 플렉스 연료 차량이 미국을 저유가의 길로 이끌 수 있을까?
[530/1215] Classifying: Ed Balls says Osborne is 'drowning, not wavering' 
  -> Success: 에드 볼스, 가을 예산안 발표 후 오스본은 '흔들리는 것이 아니라 침몰하고 있다'고 말하다
[531/1215] Classifying: George Osborne prepares for climbdown on missed fi
  -> Success: 조지 오스본, 재정 목표 미달에 대한 입장 번복 준비
[532/1215] Classifying: America's carbon tax offers a lesson to the rest o
  -> Success: 미국의 탄소세, 기후 변화 대응에 대한 전 세계에 교훈을 주다
[533/1215] Classifying: Time is running out: the Doha climate talks must p
  -> Success: 시간이 없다: 도하 기후 회담은 변명들을 끝내야 한다 | 존 비달
[534/1215] Classifying: Oil Prices Stay Steady Despite Mideast Conflict
  -> Success: 중동 분쟁에도 불구하고 유가 안정 유지
[535/1215] Classifying: Oil nations asked to consider carbon tax on export
  -> Success: 산유국에 원유 수출 탄소세 고려 요청
[536/1215] Classifying: Gas Prices Modestly Lower as Driving Season Starts
  -> Success: 운전 시즌 시작에도 휘발유 가격 소폭 하락
[537/1215] Classifying: Fuel to Burn: Now What?
  -> Success: 미국 에너지 부흥: 이제 무엇을 할 것인가?
[538/1215] Classifying: A Good Question
  -> Success: 좋은 질문
[539/1215] Classifying: Your views on the news: Resource efficiency, plast
  -> Failed: 1 validation error for ClassifiedArticle
category
  Input should be a valid string [type=string_type, input_value=None, input_type=NoneType]
    For further information visit https://errors.pydantic.dev/2.11/v/string_type
[540/1215] Classifying: World pays Ecuador not to extract oil from rainfor
  -> Success: 세계, 에콰도르에 열대우림 석유 채굴 중단 대가 지불
[541/1215] Classifying: Gold falls to six month low, but FTSE shrugs off I
  -> Success: 금값 6개월 최저치 기록했지만, FTSE는 이탈리아 부채 우려를 털어냈다
[542/1215] Classifying: America warns Iran that blocking oil strait will '
  -> Success: 미국, 이란의 호르무즈 해협 봉쇄 시 '용납 불가' 경고
[543/1215] Classifying: Oil price falls after US warns Iran over threat to
  -> Success: 미국이 이란의 걸프만 공급로 폐쇄 위협에 경고한 후 유가 하락
[544/1215] Classifying: FTSE 100 climbs 1% as pre-Christmas rally continue
  -> Success: FTSE 100 지수, 연말 랠리 지속되며 1% 상승
[545/1215] Classifying: FTSE edges higher in subdued festive trading
  -> Success: 연말 조용한 장세 속 FTSE 소폭 상승
[546/1215] Classifying: How Goldman Sachs sees 2012
  -> Success: 골드만삭스의 2012년 전망
[547/1215] Classifying: Nigeria on alert as Shell announces worst oil spil
  -> Success: 나이지리아, 셸의 10년 내 최악의 원유 유출 발표에 경계 태세
[548/1215] Classifying: Vladimir Putin: have a care, manling
  -> Failed: 1 validation error for ClassifiedArticle
category
  Input should be a valid string [type=string_type, input_value=None, input_type=NoneType]
    For further information visit https://errors.pydantic.dev/2.11/v/string_type
[549/1215] Classifying: Airwave agriculturist: the smallholder farmer who 
  -> Success: 방송을 통해 농업을 개척한 소규모 농부: 방송 선구자가 되다
[550/1215] Classifying: Even Canada doesn't believe its own spin on tar sa
  -> Success: 캐나다조차 타르샌드에 대한 자국의 주장을 믿지 않는다 | 데미안 캐링턴
[551/1215] Classifying: The inevitability of traceability in the oil and g
  -> Failed: 1 validation error for ClassifiedArticle
category
  Input should be a valid string [type=string_type, input_value=None, input_type=NoneType]
    For further information visit https://errors.pydantic.dev/2.11/v/string_type
[552/1215] Classifying: Resilient Nigerians are on the up
  -> Success: 회복하는 나이지리아인들이 다시 일어서다
[553/1215] Classifying: Despite Lots of Talk, Dollar Still Reigns
  -> Success: 많은 논의에도 불구하고 달러는 여전히 군림한다
[554/1215] Classifying: OPEC Says Producers Will Cut Back Once Libya Outpu
  -> Success: OPEC, 리비아 생산량 회복 시 감산할 것 발표
[555/1215] Classifying: Wanted: Republicans for Responsible Oil Policy
  -> Success: 책임 있는 석유 정책을 위한 공화당의 역할
[556/1215] Classifying: Iran’s President to Lead Next OPEC Meeting
  -> Success: 이란 대통령, 다음 OPEC 회의 주도 예정
[557/1215] Classifying: Price of Crude Oil Falls Again, but Analysts Warn 
  -> Success: 원유 가격 다시 하락했지만, 분석가들은 높은 수준 유지 경고
[558/1215] Classifying: Crude Oil Falls Below $100 a Barrel
  -> Success: 국제 유가 배럴당 100달러 아래로 하락
[559/1215] Classifying: Little Relief Seen From High Oil Prices
  -> Success: 높은 유가에서 완화될 조짐이 거의 보이지 않음
[560/1215] Classifying: Calls Mount to Tap U.S. Oil Reserves
  -> Success: 미국 비축유 방출 압력 고조
[561/1215] Classifying: Oil Soars as Libyan Furor Shakes Markets
  -> Success: 리비아 혼란으로 유가 급등, 시장 뒤흔들다
[562/1215] Classifying: Rising Oil Prices Bring Gulf States Unexpected Gai
  -> Success: 유가 상승이 걸프 국가에 예상치 못한 이득을 가져다준다
[563/1215] Classifying: Rail fare rises and petrol price hikes to squeeze 
  -> Success: 철도 요금 인상과 휘발유 가격 상승으로 통근자들의 부담 가중
[564/1215] Classifying: Lula era comes to an end in Brazil
  -> Success: 브라질에서 룰라 시대가 막을 내린다
[565/1215] Classifying: Golden goodbyes, silver linings, bankers' cash and
  -> Success: 황금빛 작별, 희망의 빛, 은행가의 현금, 그리고 아이슬란드 화산재
[566/1215] Classifying: Footsie slips, dragged down by energy stocks, bank
  -> Success: 영국 증시(Footsie) 에너지 주식 및 은행주 하락에 끌려 미끄러져
[567/1215] Classifying: Supermac was right in 1980 and he's right today | 
  -> Success: 1980년 슈퍼맥의 말이 옳았고, 오늘도 옳다 | 마이클 화이트
[568/1215] Classifying: Motorists face a new year of higher petrol prices 
  -> Success: 영국 운전자들, 새해 주유소 휘발유 가격 인상 직면
[569/1215] Classifying: China's interest rate hike sends markets slipping
  -> Success: 중국 금리 인상으로 시장 하락
[570/1215] Classifying: What happened next? Torrey Canyon oil clean-up, Gu
  -> Failed: 1 validation error for ClassifiedArticle
category
  Input should be a valid string [type=string_type, input_value=None, input_type=NoneType]
    For further information visit https://errors.pydantic.dev/2.11/v/string_type
[571/1215] Classifying: WikiLeaks: rule of law in Mikhail Khodorkovsky tri
  -> Failed: 1 validation error for ClassifiedArticle
category
  Input should be a valid string [type=string_type, input_value=None, input_type=NoneType]
    For further information visit https://errors.pydantic.dev/2.11/v/string_type
[572/1215] Classifying: FTSE 100 edges close to 6000 before backing away
  -> Success: FTSE 100 지수, 6000선 근접 후 후퇴
[573/1215] Classifying: Sleigh bells ring for price of copper as mystery t
  -> Success: 미스터리 트레이더가 크리스마스 선물 바구니를 채우면서 구리 가격에 징글벨이 울린다
[574/1215] Classifying: Saudi king leaves New York hospital
  -> Success: 사우디 국왕 뉴욕 병원 퇴원
[575/1215] Classifying: General Motors launches new electric hybrid car in
  -> Success: 제너럴 모터스, 미국에서 신형 전기 하이브리드차 출시
[576/1215] Classifying: Atlas of Remote Islands by Judith Schalansky and I
  -> Success: 주디스 샬란스키의 '외딴섬 지도'와 레베카 솔닛의 '무한의 도시' – 서평
[577/1215] Classifying: The most read business articles of 2009
  -> Success: 2009년 가장 많이 읽힌 비즈니스 기사들
[578/1215] Classifying: Angola's hosting of African Cup of Nations boosts 
  -> Failed: 1 validation error for ClassifiedArticle
category
  Input should be a valid string [type=string_type, input_value=None, input_type=NoneType]
    For further information visit https://errors.pydantic.dev/2.11/v/string_type
[579/1215] Classifying: FTSE gains more than 100 points as Wall Street pow
  -> Success: 월스트리트 강세에 힘입어 FTSE 100 100포인트 이상 상승
[580/1215] Classifying: Bookmaker sees FTSE 100 hitting 6000 next year
  -> Success: 북메이커, 내년 FTSE 100 지수 6000 돌파 전망
[581/1215] Classifying: China unlikely to support anti-nuclear sanctions a
  -> Success: 중국, 석유 동맹 이란에 대한 핵 관련 제재 지지하지 않을 듯
[582/1215] Classifying: Inflation rises at highest rate since May
  -> Success: 인플레이션 5월 이후 최고치 기록
[583/1215] Classifying: Relief for world markets as Abu Dhabi throws $10bn
  -> Success: 아부다비가 두바이에 100억 달러 구제금융을 제공하며 글로벌 시장 안도
[584/1215] Classifying: Inflation fears stoked by factory-gate data
  -> Success: 생산자물가 데이터로 인플레이션 우려 고조
[585/1215] Classifying: Naomi Klein kick-starts the activism at Copenhagen
  -> Success: 나오미 클라인, 코펜하겐에서 불복종 촉구하며 행동주의 시작
[586/1215] Classifying: Goldman Sachs bankers on course for $19bn pay and 
  -> Success: 골드만삭스 은행원들, 190억 달러 급여 및 보너스 수령 예정
[587/1215] Classifying: Dubai: business as usual | Jon Henley
  -> Success: 두바이: 평소와 다름없는 사업
[588/1215] Classifying: Rising oil price refuels Russian taste for fine ar
  -> Success: 유가 상승이 러시아의 미술품 선호도를 다시 불붙이다
[589/1215] Classifying: Libya convicts Swiss pair in apparent revenge for 
  -> Success: 리비아, 카다피 아들 체포 보복으로 스위스인 2명 유죄 판결
[590/1215] Classifying: Canada's image lies in tatters. It is now to clima
  -> Success: 캐나다의 이미지는 산산조각 났다. 기후 문제에 있어 캐나다는 일본이 고래잡이에 임하듯 하고 있다 | 조지 몬비오
[591/1215] Classifying: Swings in Price of Oil Hobble Forecasting
  -> Success: 유가 변동성 심화, 예측에 난항
[592/1215] Classifying: Oil Prices Resist the World’s Recession Trend
  -> Success: 국제 유가, 세계 경기 침체에도 견조한 흐름 유지
[593/1215] Classifying: As Prices Rise, Some See $2 Gas
  -> Failed: 1 validation error for ClassifiedArticle
category
  Input should be a valid string [type=string_type, input_value=None, input_type=NoneType]
    For further information visit https://errors.pydantic.dev/2.11/v/string_type
[594/1215] Classifying: Asian Markets Gain
  -> Success: 아시아 시장 상승
[595/1215] Classifying: Crude slips below $40 a barrel amid fears on econo
  -> Success: 경기 침체 우려로 원유 가격 배럴당 40달러 미만으로 하락
[596/1215] Classifying: Tesco cuts petrol price by 3p a litre
  -> Success: 테스코, 휘발유 가격 리터당 3페니 인하
[597/1215] Classifying: Market forces: Charm pays for Imperial Energy suit
  -> Failed: 1 validation error for ClassifiedArticle
category
  Input should be a valid string [type=string_type, input_value=None, input_type=NoneType]
    For further information visit https://errors.pydantic.dev/2.11/v/string_type
[598/1215] Classifying: FTSE 100 hits best level for seven weeks
  -> Success: FTSE 100, 7주 만에 최고치 기록
[599/1215] Classifying: Imperial deal looks on course
  -> Success: 임페리얼 에너지 인수가 순조롭게 진행되는 듯
[600/1215] Classifying: Imperial Energy set for Indian oil and gas deal
  -> Failed: 1 validation error for ClassifiedArticle
category
  Input should be a valid string [type=string_type, input_value=None, input_type=NoneType]
    For further information visit https://errors.pydantic.dev/2.11/v/string_type
[601/1215] Classifying: Oil and gold prices sharply higher on Gaza fightin
  -> Success: 가자 지구 분쟁으로 유가와 금값 급등
[602/1215] Classifying: Oil prices rally on Middle East tensions
  -> Success: 중동 긴장 고조에 유가 상승
[603/1215] Classifying: Rising stars, economic ruin and gold for Team GB: 
  -> Failed: 1 validation error for ClassifiedArticle
category
  Input should be a valid string [type=string_type, input_value=None, input_type=NoneType]
    For further information visit https://errors.pydantic.dev/2.11/v/string_type
[604/1215] Classifying: Denis MacShane: Kremlin's promise is worthless
  -> Success: 데니스 맥셰인: 크렘린의 약속은 가치가 없다
[605/1215] Classifying: Demand for oil will fall by largest margin in 25 y
  -> Success: 2009년 원유 수요 25년 만에 최대폭 감소 예상
[606/1215] Classifying: Vladimir Putin warns world over gas prices
  -> Success: 블라디미르 푸틴, 세계에 가스 가격 경고
[607/1215] Classifying: Russia's new golden age of football may already be
  -> Success: 러시아 축구의 새로운 황금기가 이미 저물기 시작했을 수도 있다
[608/1215] Classifying: BAE Systems lifted by positive Goldman note
  -> Success: 골드만삭스 긍정 평가에 BAE 시스템즈 주가 상승
[609/1215] Classifying: Oil expected to remain below $60 a barrel in 2009
  -> Success: 2009년 유가, 배럴당 60달러 미만 유지 전망
[610/1215] Classifying: The new Iraq: The bombing goes on, but the buildin
  -> Success: 새로운 이라크: 폭격은 계속되지만, 건설은 시작되었다
[611/1215] Classifying: Julia Finch: Insolvency specialists can be working
  -> Failed: 1 validation error for ClassifiedArticle
category
  Input should be a valid string [type=string_type, input_value=None, input_type=NoneType]
    For further information visit https://errors.pydantic.dev/2.11/v/string_type
[612/1215] Classifying: Russia Volunteers to Join an OPEC Cut in Oil Outpu
  -> Success: 러시아, OPEC 원유 감산 동참 자원
[613/1215] Classifying: Russia may cut oil output in step with OPEC
  -> Success: 러시아, OPEC과 발맞춰 원유 생산량 감축 가능성
[614/1215] Classifying: Russia's oil boom: Miracle or mirage?
  -> Success: 러시아의 오일 붐: 기적인가 신기루인가?
[615/1215] Classifying: Oil price drop below $78 a barrel as energy agency
  -> Success: 에너지 기관 수요 전망 하향 조정에 유가 배럴당 78달러 아래로 하락
[616/1215] Classifying: Crude hits 8-month low below $90 a barrel
  -> Success: 국제유가, 8개월 만에 최저치인 배럴당 90달러 하회
[617/1215] Classifying: VENEZUELA: Falling oil price points to tough times
  -> Success: 베네수엘라: 유가 하락이 암울한 시기를 예고한다
[618/1215] Classifying: Falling Oil Price Is a Positive Note Amid Turmoil
  -> Success: 유가 하락, 혼란 속 긍정적 신호
[619/1215] Classifying: Kuwaiti oil minister says no need for OPEC product
  -> Success: 쿠웨이트 석유 장관, OPEC 감산 필요성 없다고 밝혀
[620/1215] Classifying: Saudi Arabia/International: Oil policy unresolved
  -> Success: 사우디아라비아/국제: 석유 정책 미정
[621/1215] Classifying: Feeling Powerless, India Blames Oil Speculation
  -> Success: 무력감을 느끼는 인도, 유가 투기 비난
[622/1215] Classifying: Indian finance minister calls for oil-buyer solida
  -> Success: 인도 재무장관, 석유 구매국 연대 촉구
[623/1215] Classifying: Agency Slightly Trims Oil Use Forecast
  -> Success: 국제에너지기구, 석유 수요 전망 소폭 하향 조정
[624/1215] Classifying: Energy agency sees slowdown in oil demand
  -> Success: 에너지 기관, 원유 수요 둔화 전망
[625/1215] Classifying: Oil Prices Take a Nerve-Rattling Jump Past $138
  -> Success: 유가가 138달러를 넘어서며 불안한 급등세를 보였습니다.
[626/1215] Classifying: Top U.S. energy forecaster sees oil above $100 thr
  -> Success: 미국 최고 에너지 예측기관, 내년까지 유가 100달러 이상 전망
[627/1215] Classifying: Oil price advances as dollar slips
  -> Success: 달러 약세로 유가 상승
[628/1215] Classifying: Oil price drops again
  -> Success: 유가 재차 하락
[629/1215] Classifying: Supply Fears Push Oil to Triple Digits
  -> Success: 공급 우려로 유가가 세 자릿수 돌파
[630/1215] Classifying: FTSE ends 2007 with a fall
  -> Success: FTSE, 2007년을 하락으로 마감
[631/1215] Classifying: From the sub-prime to the ridiculous: how $100bn v
  -> Success: 서브프라임 사태에서 황당함까지: 1,000억 달러가 사라진 방법
[632/1215] Classifying: Market forces: Cairn Energy breaks 100 and keeps r
  -> Success: 시장 변화: 케이른 에너지 주가 100파운드 돌파 후 상승세 지속
[633/1215] Classifying: Which towns will see house price rises in 2008?
  -> Success: 2008년에 어느 도시 주택 가격이 상승할까?
[634/1215] Classifying: Energy worries boost utilities and miners
  -> Success: 에너지 우려로 유틸리티 및 광업주 강세
[635/1215] Classifying: Shell taps into coal methane in China
  -> Success: 쉘, 중국 석탄층 메탄 개발 착수
[636/1215] Classifying: Bhutto assassination hits world markets
  -> Success: 부토 암살, 전 세계 시장 강타
[637/1215] Classifying: Newcomer Cairn Energy on the up again
  -> Failed: 1 validation error for ClassifiedArticle
category
  Input should be a valid string [type=string_type, input_value=None, input_type=NoneType]
    For further information visit https://errors.pydantic.dev/2.11/v/string_type
[638/1215] Classifying: LSE unruffled by world events
  -> Success: 세계 정세에도 침착한 LSE
[639/1215] Classifying: Energy boost for lacklustre market
  -> Success: 활기 없는 시장에 활력을 불어넣는 에너지 부문
[640/1215] Classifying: Mining firms dig themselves into a whole lot of de
  -> Failed: 1 validation error for ClassifiedArticle
category
  Input should be a valid string [type=string_type, input_value=None, input_type=NoneType]
    For further information visit https://errors.pydantic.dev/2.11/v/string_type
[641/1215] Classifying: Christmas comes early for SABMiller
  -> Failed: 1 validation error for ClassifiedArticle
category
  Input should be a valid string [type=string_type, input_value=None, input_type=NoneType]
    For further information visit https://errors.pydantic.dev/2.11/v/string_type
[642/1215] Classifying: Getting burnt by the winter sun
  -> Failed: 1 validation error for ClassifiedArticle
category
  Input should be a valid string [type=string_type, input_value=None, input_type=NoneType]
    For further information visit https://errors.pydantic.dev/2.11/v/string_type
[643/1215] Classifying: Ryanair defies crisis with plan for 50 new routes
  -> Success: 라이언에어, 위기에도 불구하고 50개 신규 노선 계획 발표
[644/1215] Classifying: Oil Price Drops Sharply as Global Agency Sees Dema
  -> Success: 글로벌 기관의 수요 완화 전망에 유가 급락
[645/1215] Classifying: Unseasonably Higher, Gas Prices Add to Strain on U
  -> Success: 계절과 다르게 높은 휘발유 가격, 미국 소비자 부담 가중
[646/1215] Classifying: India’s Solution for Oil Prices: Ban Speculation b
  -> Success: 인도의 유가 해법: 투기 거래 금지로 투기 억제
[647/1215] Classifying: Unseasonably higher gasoline prices threaten U.S. 
  -> Failed: 1 validation error for ClassifiedArticle
category
  Input should be a valid string [type=string_type, input_value=None, input_type=NoneType]
    For further information visit https://errors.pydantic.dev/2.11/v/string_type
[648/1215] Classifying: India's solution for oil prices: Ban speculation b
  -> Success: 인도의 유가 안정책: 투기 거래 금지를 통한 투기 차단
[649/1215] Classifying: Crude Oil Futures Trade Above $96 Again
  -> Success: 국제유가, 다시 96달러 상회
[650/1215] Classifying: Oil Price Surge Adds to Economic Jitters
  -> Success: 유가 급등, 경제 불안감 가중
[651/1215] Classifying: Oil prices are too high, China tells OPEC
  -> Success: 중국, OPEC에 유가 인하 압박
[652/1215] Classifying: Oil soars to a record high
  -> Success: 유가, 사상 최고치 경신
[653/1215] Classifying: Crude Oil Price Closes Above $80
  -> Success: 국제 유가 80달러 상회 마감
[654/1215] Classifying: Oil price rises to new record, despite OPEC decisi
  -> Success: OPEC 증산 결정에도 불구하고 유가 사상 최고치 경신
[655/1215] Classifying: High oil price draws explorers to deep Southeast A
  -> Success: 고유가가 동남아시아 심해 탐사자들을 끌어들이다
[656/1215] Classifying: Oil Price ‘Gouging’: A Phantom Menace?
  -> Success: 유가 폭리: 환상의 위협인가?
[657/1215] Classifying: Oil shocks aren't what they used to be
  -> Success: 유가 충격, 과거와는 다르다
[658/1215] Classifying: Drivers Shrug as Gasoline Prices Soar
  -> Success: 휘발유 가격 급등에도 운전자들 반응은 미미
[659/1215] Classifying: High gas pump prices no longer deter U.S. drivers
  -> Success: 높은 주유비에도 미국 운전자들 위축되지 않아
[660/1215] Classifying: Investing: Analysts find reasons to be bullish abo
  -> Success: 투자: 애널리스트들이 유가 강세를 전망하는 이유를 찾다
[661/1215] Classifying: Oil price falls below $50 - Business - Internation
  -> Success: 유가 50달러 아래로 하락 - 비즈니스 - 인터내셔널 헤럴드 트리뷴
[662/1215] Classifying: Who Cares About the Price of Gas?
  -> Failed: 1 validation error for ClassifiedArticle
category
  Input should be a valid string [type=string_type, input_value=None, input_type=NoneType]
    For further information visit https://errors.pydantic.dev/2.11/v/string_type
[663/1215] Classifying: What might blow in from the Atlantic?
  -> Success: 대서양발 경제 불안 요인은 무엇인가?
[664/1215] Classifying: 2007: there may be trouble ahead
  -> Success: 2007년: 앞으로 문제가 생길 수도 있다
[665/1215] Classifying: Long fuse of dollar crisis will be lit in 2007
  -> Success: 2007년 달러 위기의 긴 도화선에 불이 붙을 것이다
[666/1215] Classifying: Hundreds burned alive in Lagos pipeline fire
  -> Success: 라고스 송유관 화재로 수백 명 사망
[667/1215] Classifying: EU aviation plan fails to appease campaigners
  -> Failed: 429 Your project has exceeded its monthly spending cap. Please go to AI Studio at https://ai.studio/spend to manage your project spend cap. Learn more at https://ai.google.dev/gemini-api/docs/billing#project-spend-caps. 
[668/1215] Classifying: F&C calls for 'UK-specific' stock market index
  -> Failed: 429 Your project has exceeded its monthly spending cap. Please go to AI Studio at https://ai.studio/spend to manage your project spend cap. Learn more at https://ai.google.dev/gemini-api/docs/billing#project-spend-caps. 
[669/1215] Classifying: Oil giants merge
  -> Failed: 429 Your project has exceeded its monthly spending cap. Please go to AI Studio at https://ai.studio/spend to manage your project spend cap. Learn more at https://ai.google.dev/gemini-api/docs/billing#project-spend-caps. 
[670/1215] Classifying: British Airways climbs 7.75p
  -> Failed: 429 Your project has exceeded its monthly spending cap. Please go to AI Studio at https://ai.studio/spend to manage your project spend cap. Learn more at https://ai.google.dev/gemini-api/docs/billing#project-spend-caps. 
[671/1215] Classifying: British Airways climbs 7.75p
  -> Failed: 429 Your project has exceeded its monthly spending cap. Please go to AI Studio at https://ai.studio/spend to manage your project spend cap. Learn more at https://ai.google.dev/gemini-api/docs/billing#project-spend-caps. 
[672/1215] Classifying: British Airways climbs 7.75p
  -> Failed: 429 Your project has exceeded its monthly spending cap. Please go to AI Studio at https://ai.studio/spend to manage your project spend cap. Learn more at https://ai.google.dev/gemini-api/docs/billing#project-spend-caps. 
[673/1215] Classifying: British Airways climbs 7.75p
  -> Failed: 429 Your project has exceeded its monthly spending cap. Please go to AI Studio at https://ai.studio/spend to manage your project spend cap. Learn more at https://ai.google.dev/gemini-api/docs/billing#project-spend-caps. 
[674/1215] Classifying: British Airways climbs 7.75p
  -> Failed: 429 Your project has exceeded its monthly spending cap. Please go to AI Studio at https://ai.studio/spend to manage your project spend cap. Learn more at https://ai.google.dev/gemini-api/docs/billing#project-spend-caps. 
[675/1215] Classifying: British Airways climbs 7.75p
  -> Failed: 429 Your project has exceeded its monthly spending cap. Please go to AI Studio at https://ai.studio/spend to manage your project spend cap. Learn more at https://ai.google.dev/gemini-api/docs/billing#project-spend-caps. 
[676/1215] Classifying: British Airways shares fly higher
  -> Failed: 429 Your project has exceeded its monthly spending cap. Please go to AI Studio at https://ai.studio/spend to manage your project spend cap. Learn more at https://ai.google.dev/gemini-api/docs/billing#project-spend-caps. 
[677/1215] Classifying: OPEC says 6 members agree to trim output - Busines
  -> Failed: 429 Your project has exceeded its monthly spending cap. Please go to AI Studio at https://ai.studio/spend to manage your project spend cap. Learn more at https://ai.google.dev/gemini-api/docs/billing#project-spend-caps. 
[678/1215] Classifying: Oil-price slide prompts debate on future cycle - B
  -> Failed: 429 Your project has exceeded its monthly spending cap. Please go to AI Studio at https://ai.studio/spend to manage your project spend cap. Learn more at https://ai.google.dev/gemini-api/docs/billing#project-spend-caps. 
[679/1215] Classifying: Oil Contract Dips Briefly Below $60 a Barrel, as S
  -> Failed: 429 Your project has exceeded its monthly spending cap. Please go to AI Studio at https://ai.studio/spend to manage your project spend cap. Learn more at https://ai.google.dev/gemini-api/docs/billing#project-spend-caps. 
[680/1215] Classifying: Oil Contract Dips Briefly Below $60 a Barrel, as S
  -> Failed: 429 Your project has exceeded its monthly spending cap. Please go to AI Studio at https://ai.studio/spend to manage your project spend cap. Learn more at https://ai.google.dev/gemini-api/docs/billing#project-spend-caps. 
[681/1215] Classifying: At OPEC, Some Worry as Oil Prices Start Falling
  -> Failed: 429 Your project has exceeded its monthly spending cap. Please go to AI Studio at https://ai.studio/spend to manage your project spend cap. Learn more at https://ai.google.dev/gemini-api/docs/billing#project-spend-caps. 
[682/1215] Classifying: Despite drop in oil price, OPEC sticks with target
  -> Failed: 429 Your project has exceeded its monthly spending cap. Please go to AI Studio at https://ai.studio/spend to manage your project spend cap. Learn more at https://ai.google.dev/gemini-api/docs/billing#project-spend-caps. 
[683/1215] Classifying: At OPEC, Some Worry as Oil Prices Start Falling
  -> Failed: 429 Your project has exceeded its monthly spending cap. Please go to AI Studio at https://ai.studio/spend to manage your project spend cap. Learn more at https://ai.google.dev/gemini-api/docs/billing#project-spend-caps. 
[684/1215] Classifying: Oil prices dismay OPEC - Business - International 
  -> Failed: 429 Your project has exceeded its monthly spending cap. Please go to AI Studio at https://ai.studio/spend to manage your project spend cap. Learn more at https://ai.google.dev/gemini-api/docs/billing#project-spend-caps. 
[685/1215] Classifying: Greenspan sounds alarm on oil supply - Business - 
  -> Failed: 429 Your project has exceeded its monthly spending cap. Please go to AI Studio at https://ai.studio/spend to manage your project spend cap. Learn more at https://ai.google.dev/gemini-api/docs/billing#project-spend-caps. 
[686/1215] Classifying: Oil price tumbles along with other commodities
  -> Failed: 429 Your project has exceeded its monthly spending cap. Please go to AI Studio at https://ai.studio/spend to manage your project spend cap. Learn more at https://ai.google.dev/gemini-api/docs/billing#project-spend-caps. 
[687/1215] Classifying: The Basics; When Gas Spikes, Presidents Speak
  -> Failed: 429 Your project has exceeded its monthly spending cap. Please go to AI Studio at https://ai.studio/spend to manage your project spend cap. Learn more at https://ai.google.dev/gemini-api/docs/billing#project-spend-caps. 
[688/1215] Classifying: Pledge From OPEC Eases Oil Price, but Shares Still
  -> Failed: 429 Your project has exceeded its monthly spending cap. Please go to AI Studio at https://ai.studio/spend to manage your project spend cap. Learn more at https://ai.google.dev/gemini-api/docs/billing#project-spend-caps. 
[689/1215] Classifying: Exciting discoveries for Egyptologists
  -> Failed: 429 Your project has exceeded its monthly spending cap. Please go to AI Studio at https://ai.studio/spend to manage your project spend cap. Learn more at https://ai.google.dev/gemini-api/docs/billing#project-spend-caps. 
[690/1215] Classifying: Alchemist who turned gold to dross - and back agai
  -> Failed: 429 Your project has exceeded its monthly spending cap. Please go to AI Studio at https://ai.studio/spend to manage your project spend cap. Learn more at https://ai.google.dev/gemini-api/docs/billing#project-spend-caps. 
[691/1215] Classifying: Oil fund gushes as the price of crude soars
  -> Failed: 429 Your project has exceeded its monthly spending cap. Please go to AI Studio at https://ai.studio/spend to manage your project spend cap. Learn more at https://ai.google.dev/gemini-api/docs/billing#project-spend-caps. 
[692/1215] Classifying: Market forces
  -> Failed: 429 Your project has exceeded its monthly spending cap. Please go to AI Studio at https://ai.studio/spend to manage your project spend cap. Learn more at https://ai.google.dev/gemini-api/docs/billing#project-spend-caps. 
[693/1215] Classifying: Expectations of cut in interest rates grow
  -> Failed: 429 Your project has exceeded its monthly spending cap. Please go to AI Studio at https://ai.studio/spend to manage your project spend cap. Learn more at https://ai.google.dev/gemini-api/docs/billing#project-spend-caps. 
[694/1215] Classifying: Visions of hell
  -> Failed: 429 Your project has exceeded its monthly spending cap. Please go to AI Studio at https://ai.studio/spend to manage your project spend cap. Learn more at https://ai.google.dev/gemini-api/docs/billing#project-spend-caps. 
[695/1215] Classifying: Leaders: Oil depot fire
  -> Failed: 429 Your project has exceeded its monthly spending cap. Please go to AI Studio at https://ai.studio/spend to manage your project spend cap. Learn more at https://ai.google.dev/gemini-api/docs/billing#project-spend-caps. 
[696/1215] Classifying: Notebook: No end in sight for Lloyds' problems | G
  -> Failed: 429 Your project has exceeded its monthly spending cap. Please go to AI Studio at https://ai.studio/spend to manage your project spend cap. Learn more at https://ai.google.dev/gemini-api/docs/billing#project-spend-caps. 
[697/1215] Classifying: Black rain will bring pollutants down to earth, wa
  -> Failed: 429 Your project has exceeded its monthly spending cap. Please go to AI Studio at https://ai.studio/spend to manage your project spend cap. Learn more at https://ai.google.dev/gemini-api/docs/billing#project-spend-caps. 
[698/1215] Classifying: Things can only get better
  -> Failed: 429 Your project has exceeded its monthly spending cap. Please go to AI Studio at https://ai.studio/spend to manage your project spend cap. Learn more at https://ai.google.dev/gemini-api/docs/billing#project-spend-caps. 
[699/1215] Classifying: Don't blame me, Brown tells MPs, it's the Bank
  -> Failed: 429 Your project has exceeded its monthly spending cap. Please go to AI Studio at https://ai.studio/spend to manage your project spend cap. Learn more at https://ai.google.dev/gemini-api/docs/billing#project-spend-caps. 
[700/1215] Classifying: Brown: Oil tax is fair
  -> Failed: 429 Your project has exceeded its monthly spending cap. Please go to AI Studio at https://ai.studio/spend to manage your project spend cap. Learn more at https://ai.google.dev/gemini-api/docs/billing#project-spend-caps. 
[701/1215] Classifying: George Monbiot: The most destructive crop on earth
  -> Failed: 429 Your project has exceeded its monthly spending cap. Please go to AI Studio at https://ai.studio/spend to manage your project spend cap. Learn more at https://ai.google.dev/gemini-api/docs/billing#project-spend-caps. 
[702/1215] Classifying: Slowing Brown oils the wheels
  -> Failed: 429 Your project has exceeded its monthly spending cap. Please go to AI Studio at https://ai.studio/spend to manage your project spend cap. Learn more at https://ai.google.dev/gemini-api/docs/billing#project-spend-caps. 
[703/1215] Classifying: With Oil Prices Off Their Peak, Are Supplies Assur
  -> Failed: 429 Your project has exceeded its monthly spending cap. Please go to AI Studio at https://ai.studio/spend to manage your project spend cap. Learn more at https://ai.google.dev/gemini-api/docs/billing#project-spend-caps. 
[704/1215] Classifying: Some oil executives worry prices may fall
  -> Failed: 429 Your project has exceeded its monthly spending cap. Please go to AI Studio at https://ai.studio/spend to manage your project spend cap. Learn more at https://ai.google.dev/gemini-api/docs/billing#project-spend-caps. 
[705/1215] Classifying: The Basics; The Oil Price To Be Scared Of
  -> Failed: 429 Your project has exceeded its monthly spending cap. Please go to AI Studio at https://ai.studio/spend to manage your project spend cap. Learn more at https://ai.google.dev/gemini-api/docs/billing#project-spend-caps. 
[706/1215] Classifying: Oil Prices Continue to Surge, Hitting $66 a Barrel
  -> Failed: 429 Your project has exceeded its monthly spending cap. Please go to AI Studio at https://ai.studio/spend to manage your project spend cap. Learn more at https://ai.google.dev/gemini-api/docs/billing#project-spend-caps. 
[707/1215] Classifying: Oil Price Touches $65; Gasoline Stockpiles Shrink
  -> Failed: 429 Your project has exceeded its monthly spending cap. Please go to AI Studio at https://ai.studio/spend to manage your project spend cap. Learn more at https://ai.google.dev/gemini-api/docs/billing#project-spend-caps. 
[708/1215] Classifying: Oil price takes toll on stocks
  -> Failed: 429 Your project has exceeded its monthly spending cap. Please go to AI Studio at https://ai.studio/spend to manage your project spend cap. Learn more at https://ai.google.dev/gemini-api/docs/billing#project-spend-caps. 
[709/1215] Classifying: Strong Demand Limits OPEC's Leeway
  -> Failed: 429 Your project has exceeded its monthly spending cap. Please go to AI Studio at https://ai.studio/spend to manage your project spend cap. Learn more at https://ai.google.dev/gemini-api/docs/billing#project-spend-caps. 
[710/1215] Classifying: OPEC members consider increase in ceiling for oil 
  -> Failed: 429 Your project has exceeded its monthly spending cap. Please go to AI Studio at https://ai.studio/spend to manage your project spend cap. Learn more at https://ai.google.dev/gemini-api/docs/billing#project-spend-caps. 
[711/1215] Classifying: Blue Chips Rise as Oil Falls and Inflation Worries
  -> Failed: 429 Your project has exceeded its monthly spending cap. Please go to AI Studio at https://ai.studio/spend to manage your project spend cap. Learn more at https://ai.google.dev/gemini-api/docs/billing#project-spend-caps. 
[712/1215] Classifying: OPEC Member Burdened by High Oil Prices
  -> Failed: 429 Your project has exceeded its monthly spending cap. Please go to AI Studio at https://ai.studio/spend to manage your project spend cap. Learn more at https://ai.google.dev/gemini-api/docs/billing#project-spend-caps. 
[713/1215] Classifying: Too high even for OPEC?
  -> Failed: 429 Your project has exceeded its monthly spending cap. Please go to AI Studio at https://ai.studio/spend to manage your project spend cap. Learn more at https://ai.google.dev/gemini-api/docs/billing#project-spend-caps. 
[714/1215] Classifying: Oil Price Jumps 5% in One Day
  -> Failed: 429 Your project has exceeded its monthly spending cap. Please go to AI Studio at https://ai.studio/spend to manage your project spend cap. Learn more at https://ai.google.dev/gemini-api/docs/billing#project-spend-caps. 
[715/1215] Classifying: Premiership: Manchester United 2 - 0 Bolton
  -> Failed: 429 Your project has exceeded its monthly spending cap. Please go to AI Studio at https://ai.studio/spend to manage your project spend cap. Learn more at https://ai.google.dev/gemini-api/docs/billing#project-spend-caps. 
[716/1215] Classifying: Wide-awake giant will shake west's strategy
  -> Failed: 429 Your project has exceeded its monthly spending cap. Please go to AI Studio at https://ai.studio/spend to manage your project spend cap. Learn more at https://ai.google.dev/gemini-api/docs/billing#project-spend-caps. 
[717/1215] Classifying: What will flow after big oil?
  -> Failed: 429 Your project has exceeded its monthly spending cap. Please go to AI Studio at https://ai.studio/spend to manage your project spend cap. Learn more at https://ai.google.dev/gemini-api/docs/billing#project-spend-caps. 
[718/1215] Classifying: All that glisters not golden for chastened Chancel
  -> Failed: 429 Your project has exceeded its monthly spending cap. Please go to AI Studio at https://ai.studio/spend to manage your project spend cap. Learn more at https://ai.google.dev/gemini-api/docs/billing#project-spend-caps. 
[719/1215] Classifying: Notebook: Half decent may be as good as it gets
  -> Failed: 429 Your project has exceeded its monthly spending cap. Please go to AI Studio at https://ai.studio/spend to manage your project spend cap. Learn more at https://ai.google.dev/gemini-api/docs/billing#project-spend-caps. 
[720/1215] Classifying: Neil Hume: Market forces
  -> Failed: 429 Your project has exceeded its monthly spending cap. Please go to AI Studio at https://ai.studio/spend to manage your project spend cap. Learn more at https://ai.google.dev/gemini-api/docs/billing#project-spend-caps. 
[721/1215] Classifying: Save the Children pulls out of Darfur
  -> Failed: 429 Your project has exceeded its monthly spending cap. Please go to AI Studio at https://ai.studio/spend to manage your project spend cap. Learn more at https://ai.google.dev/gemini-api/docs/billing#project-spend-caps. 
[722/1215] Classifying: Yukos warns of oil output crisis
  -> Failed: 429 Your project has exceeded its monthly spending cap. Please go to AI Studio at https://ai.studio/spend to manage your project spend cap. Learn more at https://ai.google.dev/gemini-api/docs/billing#project-spend-caps. 
[723/1215] Classifying: Market forces
  -> Failed: 429 Your project has exceeded its monthly spending cap. Please go to AI Studio at https://ai.studio/spend to manage your project spend cap. Learn more at https://ai.google.dev/gemini-api/docs/billing#project-spend-caps. 
[724/1215] Classifying: Monday briefing
  -> Failed: 429 Your project has exceeded its monthly spending cap. Please go to AI Studio at https://ai.studio/spend to manage your project spend cap. Learn more at https://ai.google.dev/gemini-api/docs/billing#project-spend-caps. 
[725/1215] Classifying: Opec cuts could push oil back above $50 mark
  -> Failed: 429 Your project has exceeded its monthly spending cap. Please go to AI Studio at https://ai.studio/spend to manage your project spend cap. Learn more at https://ai.google.dev/gemini-api/docs/billing#project-spend-caps. 
[726/1215] Classifying: Odds on: 'Steady as she goes' or 'full steam ahead
  -> Failed: 429 Your project has exceeded its monthly spending cap. Please go to AI Studio at https://ai.studio/spend to manage your project spend cap. Learn more at https://ai.google.dev/gemini-api/docs/billing#project-spend-caps. 
[727/1215] Classifying: Review: Putin's Russia by Anna Politkovskaya and D
  -> Failed: 429 Your project has exceeded its monthly spending cap. Please go to AI Studio at https://ai.studio/spend to manage your project spend cap. Learn more at https://ai.google.dev/gemini-api/docs/billing#project-spend-caps. 
[728/1215] Classifying: Market forces: Smith & Nephew suffers a relapse
  -> Failed: 429 Your project has exceeded its monthly spending cap. Please go to AI Studio at https://ai.studio/spend to manage your project spend cap. Learn more at https://ai.google.dev/gemini-api/docs/billing#project-spend-caps. 
[729/1215] Classifying: OPEC Nations Seen Cutting Worldwide Deposits in Do
  -> Failed: 429 Your project has exceeded its monthly spending cap. Please go to AI Studio at https://ai.studio/spend to manage your project spend cap. Learn more at https://ai.google.dev/gemini-api/docs/billing#project-spend-caps. 
[730/1215] Classifying: With Oil Price Down Again, Analysts Keep Eyes on $
  -> Failed: 429 Your project has exceeded its monthly spending cap. Please go to AI Studio at https://ai.studio/spend to manage your project spend cap. Learn more at https://ai.google.dev/gemini-api/docs/billing#project-spend-caps. 
[731/1215] Classifying: Oil prices put growth in danger, agency says
  -> Failed: 429 Your project has exceeded its monthly spending cap. Please go to AI Studio at https://ai.studio/spend to manage your project spend cap. Learn more at https://ai.google.dev/gemini-api/docs/billing#project-spend-caps. 
[732/1215] Classifying: Oil Prices Surge Briefly Above $54 a Barrel
  -> Failed: 429 Your project has exceeded its monthly spending cap. Please go to AI Studio at https://ai.studio/spend to manage your project spend cap. Learn more at https://ai.google.dev/gemini-api/docs/billing#project-spend-caps. 
[733/1215] Classifying: Saudis to Boost Oil Production Capacity as Price H
  -> Failed: 429 Your project has exceeded its monthly spending cap. Please go to AI Studio at https://ai.studio/spend to manage your project spend cap. Learn more at https://ai.google.dev/gemini-api/docs/billing#project-spend-caps. 
[734/1215] Classifying: OPEC Raises Output Ceiling in Gesture to Lower Pri
  -> Failed: 429 Your project has exceeded its monthly spending cap. Please go to AI Studio at https://ai.studio/spend to manage your project spend cap. Learn more at https://ai.google.dev/gemini-api/docs/billing#project-spend-caps. 
[735/1215] Classifying: OPEC Finds Few Options to Put a Lid on Oil Prices
  -> Failed: 429 Your project has exceeded its monthly spending cap. Please go to AI Studio at https://ai.studio/spend to manage your project spend cap. Learn more at https://ai.google.dev/gemini-api/docs/billing#project-spend-caps. 
[736/1215] Classifying: Oil Price Comes Close to $50 But Then It Stages a 
  -> Failed: 429 Your project has exceeded its monthly spending cap. Please go to AI Studio at https://ai.studio/spend to manage your project spend cap. Learn more at https://ai.google.dev/gemini-api/docs/billing#project-spend-caps. 
[737/1215] Classifying: United Kingdom
  -> Failed: 429 Your project has exceeded its monthly spending cap. Please go to AI Studio at https://ai.studio/spend to manage your project spend cap. Learn more at https://ai.google.dev/gemini-api/docs/billing#project-spend-caps. 
[738/1215] Classifying: Great Britain
  -> Failed: 429 Your project has exceeded its monthly spending cap. Please go to AI Studio at https://ai.studio/spend to manage your project spend cap. Learn more at https://ai.google.dev/gemini-api/docs/billing#project-spend-caps. 
[739/1215] Classifying: Statements in Beirut backing Saudis help cool rece
  -> Failed: 429 Your project has exceeded its monthly spending cap. Please go to AI Studio at https://ai.studio/spend to manage your project spend cap. Learn more at https://ai.google.dev/gemini-api/docs/billing#project-spend-caps. 
[740/1215] Classifying: Many Feeling Pinch After Newest Surge In U.S. Fuel
  -> Failed: 429 Your project has exceeded its monthly spending cap. Please go to AI Studio at https://ai.studio/spend to manage your project spend cap. Learn more at https://ai.google.dev/gemini-api/docs/billing#project-spend-caps. 
[741/1215] Classifying: Economic Scene; The oil price spikes give new urge
  -> Failed: 429 Your project has exceeded its monthly spending cap. Please go to AI Studio at https://ai.studio/spend to manage your project spend cap. Learn more at https://ai.google.dev/gemini-api/docs/billing#project-spend-caps. 
[742/1215] Classifying: OPEC Offers Little Hope On Fuel Prices
  -> Failed: 429 Your project has exceeded its monthly spending cap. Please go to AI Studio at https://ai.studio/spend to manage your project spend cap. Learn more at https://ai.google.dev/gemini-api/docs/billing#project-spend-caps. 
[743/1215] Classifying: TIGHT OIL SUPPLY WON'T EASE SOON
  -> Failed: 429 Your project has exceeded its monthly spending cap. Please go to AI Studio at https://ai.studio/spend to manage your project spend cap. Learn more at https://ai.google.dev/gemini-api/docs/billing#project-spend-caps. 
[744/1215] Classifying: A Crude Shock
  -> Failed: 429 Your project has exceeded its monthly spending cap. Please go to AI Studio at https://ai.studio/spend to manage your project spend cap. Learn more at https://ai.google.dev/gemini-api/docs/billing#project-spend-caps. 
[745/1215] Classifying: As oil tops $40, response is muted
  -> Failed: 429 Your project has exceeded its monthly spending cap. Please go to AI Studio at https://ai.studio/spend to manage your project spend cap. Learn more at https://ai.google.dev/gemini-api/docs/billing#project-spend-caps. 
[746/1215] Classifying: As oil tops $40, response is muted
  -> Failed: 429 Your project has exceeded its monthly spending cap. Please go to AI Studio at https://ai.studio/spend to manage your project spend cap. Learn more at https://ai.google.dev/gemini-api/docs/billing#project-spend-caps. 
[747/1215] Classifying: As oil tops $40, response is muted
  -> Failed: 429 Your project has exceeded its monthly spending cap. Please go to AI Studio at https://ai.studio/spend to manage your project spend cap. Learn more at https://ai.google.dev/gemini-api/docs/billing#project-spend-caps. 
[748/1215] Classifying: Higher Oil Prices Are Damaging Global Economy, a S
  -> Failed: 429 Your project has exceeded its monthly spending cap. Please go to AI Studio at https://ai.studio/spend to manage your project spend cap. Learn more at https://ai.google.dev/gemini-api/docs/billing#project-spend-caps. 
[749/1215] Classifying: Bears in retreat as FTSE looks up
  -> Failed: 429 Your project has exceeded its monthly spending cap. Please go to AI Studio at https://ai.studio/spend to manage your project spend cap. Learn more at https://ai.google.dev/gemini-api/docs/billing#project-spend-caps. 
[750/1215] Classifying: World news in brief
  -> Failed: 429 Your project has exceeded its monthly spending cap. Please go to AI Studio at https://ai.studio/spend to manage your project spend cap. Learn more at https://ai.google.dev/gemini-api/docs/billing#project-spend-caps. 
[751/1215] Classifying: New statesman: Gadafy turns reformer
  -> Failed: 429 Your project has exceeded its monthly spending cap. Please go to AI Studio at https://ai.studio/spend to manage your project spend cap. Learn more at https://ai.google.dev/gemini-api/docs/billing#project-spend-caps. 
[752/1215] Classifying: Market forces
  -> Failed: 429 Your project has exceeded its monthly spending cap. Please go to AI Studio at https://ai.studio/spend to manage your project spend cap. Learn more at https://ai.google.dev/gemini-api/docs/billing#project-spend-caps. 
[753/1215] Classifying: Celanese agrees £2bn bid from US
  -> Failed: 429 Your project has exceeded its monthly spending cap. Please go to AI Studio at https://ai.studio/spend to manage your project spend cap. Learn more at https://ai.google.dev/gemini-api/docs/billing#project-spend-caps. 
[754/1215] Classifying: Notebook: Markets resist Saddam euphoria
  -> Failed: 429 Your project has exceeded its monthly spending cap. Please go to AI Studio at https://ai.studio/spend to manage your project spend cap. Learn more at https://ai.google.dev/gemini-api/docs/billing#project-spend-caps. 
[755/1215] Classifying: Market forces
  -> Failed: 429 Your project has exceeded its monthly spending cap. Please go to AI Studio at https://ai.studio/spend to manage your project spend cap. Learn more at https://ai.google.dev/gemini-api/docs/billing#project-spend-caps. 
[756/1215] Classifying: MARKET INSIGHT; As the World Turns, See Oil Prices
  -> Failed: 429 Your project has exceeded its monthly spending cap. Please go to AI Studio at https://ai.studio/spend to manage your project spend cap. Learn more at https://ai.google.dev/gemini-api/docs/billing#project-spend-caps. 
[757/1215] Classifying: Shanghai on nights to avoid blackout
  -> Failed: 429 Your project has exceeded its monthly spending cap. Please go to AI Studio at https://ai.studio/spend to manage your project spend cap. Learn more at https://ai.google.dev/gemini-api/docs/billing#project-spend-caps. 
[758/1215] Classifying: With Oil Prices High, OPEC Is Ready to Defer Suppl
  -> Failed: 429 Your project has exceeded its monthly spending cap. Please go to AI Studio at https://ai.studio/spend to manage your project spend cap. Learn more at https://ai.google.dev/gemini-api/docs/billing#project-spend-caps. 
[759/1215] Classifying: George Monbiot: Bottom of the barrel
  -> Failed: 429 Your project has exceeded its monthly spending cap. Please go to AI Studio at https://ai.studio/spend to manage your project spend cap. Learn more at https://ai.google.dev/gemini-api/docs/billing#project-spend-caps. 
[760/1215] Classifying: Russia accused of plot to sabotage Georgian oil pi
  -> Failed: 429 Your project has exceeded its monthly spending cap. Please go to AI Studio at https://ai.studio/spend to manage your project spend cap. Learn more at https://ai.google.dev/gemini-api/docs/billing#project-spend-caps. 
[761/1215] Classifying: Smart investors can strike black gold
  -> Failed: 429 Your project has exceeded its monthly spending cap. Please go to AI Studio at https://ai.studio/spend to manage your project spend cap. Learn more at https://ai.google.dev/gemini-api/docs/billing#project-spend-caps. 
[762/1215] Classifying: Focus: Putin launches assault on Russian capitalis
  -> Failed: 429 Your project has exceeded its monthly spending cap. Please go to AI Studio at https://ai.studio/spend to manage your project spend cap. Learn more at https://ai.google.dev/gemini-api/docs/billing#project-spend-caps. 
[763/1215] Classifying: BAE earnings take off
  -> Failed: 429 Your project has exceeded its monthly spending cap. Please go to AI Studio at https://ai.studio/spend to manage your project spend cap. Learn more at https://ai.google.dev/gemini-api/docs/billing#project-spend-caps. 
[764/1215] Classifying: Prospecting for gold
  -> Failed: 429 Your project has exceeded its monthly spending cap. Please go to AI Studio at https://ai.studio/spend to manage your project spend cap. Learn more at https://ai.google.dev/gemini-api/docs/billing#project-spend-caps. 
[765/1215] Classifying: OPEC Says It Will Cut Output, And Price of Oil Cli
  -> Failed: 429 Your project has exceeded its monthly spending cap. Please go to AI Studio at https://ai.studio/spend to manage your project spend cap. Learn more at https://ai.google.dev/gemini-api/docs/billing#project-spend-caps. 
[766/1215] Classifying: Move pushes price of oil sharply higher : In surpr
  -> Failed: 429 Your project has exceeded its monthly spending cap. Please go to AI Studio at https://ai.studio/spend to manage your project spend cap. Learn more at https://ai.google.dev/gemini-api/docs/billing#project-spend-caps. 
[767/1215] Classifying: OPEC Surprises Oil Market by Cutting Production Qu
  -> Failed: 429 Your project has exceeded its monthly spending cap. Please go to AI Studio at https://ai.studio/spend to manage your project spend cap. Learn more at https://ai.google.dev/gemini-api/docs/billing#project-spend-caps. 
[768/1215] Classifying: MARKET INSIGHT; This May Be The Time To Buy Oil St
  -> Failed: 429 Your project has exceeded its monthly spending cap. Please go to AI Studio at https://ai.studio/spend to manage your project spend cap. Learn more at https://ai.google.dev/gemini-api/docs/billing#project-spend-caps. 
[769/1215] Classifying: AHEAD OF THE MARKETS : For investors, end of Iraq 
  -> Failed: 429 Your project has exceeded its monthly spending cap. Please go to AI Studio at https://ai.studio/spend to manage your project spend cap. Learn more at https://ai.google.dev/gemini-api/docs/billing#project-spend-caps. 
[770/1215] Classifying: With the War Largely Over, OPEC Fears Oil Price Dr
  -> Failed: 429 Your project has exceeded its monthly spending cap. Please go to AI Studio at https://ai.studio/spend to manage your project spend cap. Learn more at https://ai.google.dev/gemini-api/docs/billing#project-spend-caps. 
[771/1215] Classifying: COMMODITIES; OPEC Says It Will Maintain Current Le
  -> Failed: 429 Your project has exceeded its monthly spending cap. Please go to AI Studio at https://ai.studio/spend to manage your project spend cap. Learn more at https://ai.google.dev/gemini-api/docs/billing#project-spend-caps. 
[772/1215] Classifying: THE MARKETS: COMMODITIES; Oil Price Falls on Chanc
  -> Failed: 429 Your project has exceeded its monthly spending cap. Please go to AI Studio at https://ai.studio/spend to manage your project spend cap. Learn more at https://ai.google.dev/gemini-api/docs/billing#project-spend-caps. 
[773/1215] Classifying: Oil majors grease rally
  -> Failed: 429 Your project has exceeded its monthly spending cap. Please go to AI Studio at https://ai.studio/spend to manage your project spend cap. Learn more at https://ai.google.dev/gemini-api/docs/billing#project-spend-caps. 
[774/1215] Classifying: Jitters undermine dollar
  -> Failed: 429 Your project has exceeded its monthly spending cap. Please go to AI Studio at https://ai.studio/spend to manage your project spend cap. Learn more at https://ai.google.dev/gemini-api/docs/billing#project-spend-caps. 
[775/1215] Classifying: Jobless fall lifts Wall Street gloom
  -> Failed: 429 Your project has exceeded its monthly spending cap. Please go to AI Studio at https://ai.studio/spend to manage your project spend cap. Learn more at https://ai.google.dev/gemini-api/docs/billing#project-spend-caps. 
[776/1215] Classifying: THE MARKETS: COMMODITIES; Venezuela Strike and War
  -> Failed: 429 Your project has exceeded its monthly spending cap. Please go to AI Studio at https://ai.studio/spend to manage your project spend cap. Learn more at https://ai.google.dev/gemini-api/docs/billing#project-spend-caps. 
[777/1215] Classifying: Chavez acts to ease food crisis
  -> Failed: 429 Your project has exceeded its monthly spending cap. Please go to AI Studio at https://ai.studio/spend to manage your project spend cap. Learn more at https://ai.google.dev/gemini-api/docs/billing#project-spend-caps. 
[778/1215] Classifying: Prophets perk up the world's balance sheet
  -> Failed: 429 Your project has exceeded its monthly spending cap. Please go to AI Studio at https://ai.studio/spend to manage your project spend cap. Learn more at https://ai.google.dev/gemini-api/docs/billing#project-spend-caps. 
[779/1215] Classifying: Oilmen don't want another Suez
  -> Failed: 429 Your project has exceeded its monthly spending cap. Please go to AI Studio at https://ai.studio/spend to manage your project spend cap. Learn more at https://ai.google.dev/gemini-api/docs/billing#project-spend-caps. 
[780/1215] Classifying: The key events of October 2002
  -> Failed: 429 Your project has exceeded its monthly spending cap. Please go to AI Studio at https://ai.studio/spend to manage your project spend cap. Learn more at https://ai.google.dev/gemini-api/docs/billing#project-spend-caps. 
[781/1215] Classifying: War fears push up oil price
  -> Failed: 429 Your project has exceeded its monthly spending cap. Please go to AI Studio at https://ai.studio/spend to manage your project spend cap. Learn more at https://ai.google.dev/gemini-api/docs/billing#project-spend-caps. 
[782/1215] Classifying: It's your choice: Hunker down versus hunky-dory
  -> Failed: 429 Your project has exceeded its monthly spending cap. Please go to AI Studio at https://ai.studio/spend to manage your project spend cap. Learn more at https://ai.google.dev/gemini-api/docs/billing#project-spend-caps. 
[783/1215] Classifying: Dollar at three-year low
  -> Failed: 429 Your project has exceeded its monthly spending cap. Please go to AI Studio at https://ai.studio/spend to manage your project spend cap. Learn more at https://ai.google.dev/gemini-api/docs/billing#project-spend-caps. 
[784/1215] Classifying: Oil prices hit two-year high
  -> Failed: 429 Your project has exceeded its monthly spending cap. Please go to AI Studio at https://ai.studio/spend to manage your project spend cap. Learn more at https://ai.google.dev/gemini-api/docs/billing#project-spend-caps. 
[785/1215] Classifying: City briefing
  -> Failed: 429 Your project has exceeded its monthly spending cap. Please go to AI Studio at https://ai.studio/spend to manage your project spend cap. Learn more at https://ai.google.dev/gemini-api/docs/billing#project-spend-caps. 
[786/1215] Classifying: Market forces: FTSE's eight-day tailspin ends
  -> Failed: 429 Your project has exceeded its monthly spending cap. Please go to AI Studio at https://ai.studio/spend to manage your project spend cap. Learn more at https://ai.google.dev/gemini-api/docs/billing#project-spend-caps. 
[787/1215] Classifying: Russian oil giants try to beat US to Iraqi reserve
  -> Failed: 429 Your project has exceeded its monthly spending cap. Please go to AI Studio at https://ai.studio/spend to manage your project spend cap. Learn more at https://ai.google.dev/gemini-api/docs/billing#project-spend-caps. 
[788/1215] Classifying: OPEC Keeping Oil Price Down By Increasing Its Prod
  -> Failed: 429 Your project has exceeded its monthly spending cap. Please go to AI Studio at https://ai.studio/spend to manage your project spend cap. Learn more at https://ai.google.dev/gemini-api/docs/billing#project-spend-caps. 
[789/1215] Classifying: Oil and war | How much exposure?: Seeking stabilit
  -> Failed: 429 Your project has exceeded its monthly spending cap. Please go to AI Studio at https://ai.studio/spend to manage your project spend cap. Learn more at https://ai.google.dev/gemini-api/docs/billing#project-spend-caps. 
[790/1215] Classifying: MARKET INSIGHT; Smiles And Frowns In Higher Oil Pr
  -> Failed: 429 Your project has exceeded its monthly spending cap. Please go to AI Studio at https://ai.studio/spend to manage your project spend cap. Learn more at https://ai.google.dev/gemini-api/docs/billing#project-spend-caps. 
[791/1215] Classifying: New year's wishes: Martin Sorrell, ad agency CEO
  -> Failed: 429 Your project has exceeded its monthly spending cap. Please go to AI Studio at https://ai.studio/spend to manage your project spend cap. Learn more at https://ai.google.dev/gemini-api/docs/billing#project-spend-caps. 
[792/1215] Classifying: Petrol price fear as Opec agrees to cut production
  -> Failed: 429 Your project has exceeded its monthly spending cap. Please go to AI Studio at https://ai.studio/spend to manage your project spend cap. Learn more at https://ai.google.dev/gemini-api/docs/billing#project-spend-caps. 
[793/1215] Classifying: Only a deal can save Cedar from falling
  -> Failed: 429 Your project has exceeded its monthly spending cap. Please go to AI Studio at https://ai.studio/spend to manage your project spend cap. Learn more at https://ai.google.dev/gemini-api/docs/billing#project-spend-caps. 
[794/1215] Classifying: Opec announces oil output cut
  -> Failed: 429 Your project has exceeded its monthly spending cap. Please go to AI Studio at https://ai.studio/spend to manage your project spend cap. Learn more at https://ai.google.dev/gemini-api/docs/billing#project-spend-caps. 
[795/1215] Classifying: Oil prices up as Opec expected to cut production
  -> Failed: 429 Your project has exceeded its monthly spending cap. Please go to AI Studio at https://ai.studio/spend to manage your project spend cap. Learn more at https://ai.google.dev/gemini-api/docs/billing#project-spend-caps. 
[796/1215] Classifying: Oil fuels small-scale burst of optimism
  -> Failed: 429 Your project has exceeded its monthly spending cap. Please go to AI Studio at https://ai.studio/spend to manage your project spend cap. Learn more at https://ai.google.dev/gemini-api/docs/billing#project-spend-caps. 
[797/1215] Classifying: THE MARKETS: Market Place; Several Issues Combine 
  -> Failed: 429 Your project has exceeded its monthly spending cap. Please go to AI Studio at https://ai.studio/spend to manage your project spend cap. Learn more at https://ai.google.dev/gemini-api/docs/billing#project-spend-caps. 
[798/1215] Classifying: Pre-Christmas torpor stifles crisis fears
  -> Failed: 429 Your project has exceeded its monthly spending cap. Please go to AI Studio at https://ai.studio/spend to manage your project spend cap. Learn more at https://ai.google.dev/gemini-api/docs/billing#project-spend-caps. 
[799/1215] Classifying: Remedies may cause their own problems
  -> Failed: 429 Your project has exceeded its monthly spending cap. Please go to AI Studio at https://ai.studio/spend to manage your project spend cap. Learn more at https://ai.google.dev/gemini-api/docs/billing#project-spend-caps. 
[800/1215] Classifying: Baron who beat the sheikhs
  -> Failed: 429 Your project has exceeded its monthly spending cap. Please go to AI Studio at https://ai.studio/spend to manage your project spend cap. Learn more at https://ai.google.dev/gemini-api/docs/billing#project-spend-caps. 
[801/1215] Classifying: Foie gras, Safe hands, and Big debt
  -> Failed: 429 Your project has exceeded its monthly spending cap. Please go to AI Studio at https://ai.studio/spend to manage your project spend cap. Learn more at https://ai.google.dev/gemini-api/docs/billing#project-spend-caps. 
[802/1215] Classifying: Rate hope as inflation hits 38-year low
  -> Failed: 429 Your project has exceeded its monthly spending cap. Please go to AI Studio at https://ai.studio/spend to manage your project spend cap. Learn more at https://ai.google.dev/gemini-api/docs/billing#project-spend-caps. 
[803/1215] Classifying: The sheer wastefulness of a long-distance Christma
  -> Failed: 429 Your project has exceeded its monthly spending cap. Please go to AI Studio at https://ai.studio/spend to manage your project spend cap. Learn more at https://ai.google.dev/gemini-api/docs/billing#project-spend-caps. 
[804/1215] Classifying: America's history of recession bites again
  -> Failed: 429 Your project has exceeded its monthly spending cap. Please go to AI Studio at https://ai.studio/spend to manage your project spend cap. Learn more at https://ai.google.dev/gemini-api/docs/billing#project-spend-caps. 
[805/1215] Classifying: Output prices drop steeply
  -> Failed: 429 Your project has exceeded its monthly spending cap. Please go to AI Studio at https://ai.studio/spend to manage your project spend cap. Learn more at https://ai.google.dev/gemini-api/docs/billing#project-spend-caps. 
[806/1215] Classifying: Russian Statement Lifts Oil Price
  -> Failed: 429 Your project has exceeded its monthly spending cap. Please go to AI Studio at https://ai.studio/spend to manage your project spend cap. Learn more at https://ai.google.dev/gemini-api/docs/billing#project-spend-caps. 
[807/1215] Classifying: THE MARKETS: COMMODITIES; Accord May Be Near on Oi
  -> Failed: 429 Your project has exceeded its monthly spending cap. Please go to AI Studio at https://ai.studio/spend to manage your project spend cap. Learn more at https://ai.google.dev/gemini-api/docs/billing#project-spend-caps. 
[808/1215] Classifying: COMMODITIES; Mexico Seen Trying to Halt Oil Price 
  -> Failed: 429 Your project has exceeded its monthly spending cap. Please go to AI Studio at https://ai.studio/spend to manage your project spend cap. Learn more at https://ai.google.dev/gemini-api/docs/billing#project-spend-caps. 
[809/1215] Classifying: THE MARKETS: COMMODITIES; OIL PRICES TUMBLE TO A 2
  -> Failed: 429 Your project has exceeded its monthly spending cap. Please go to AI Studio at https://ai.studio/spend to manage your project spend cap. Learn more at https://ai.google.dev/gemini-api/docs/billing#project-spend-caps. 
[810/1215] Classifying: Warnings by 2 OPEC Nations Send Oil Price to a 2-Y
  -> Failed: 429 Your project has exceeded its monthly spending cap. Please go to AI Studio at https://ai.studio/spend to manage your project spend cap. Learn more at https://ai.google.dev/gemini-api/docs/billing#project-spend-caps. 
[811/1215] Classifying: Drop in Price Pushes OPEC To Consider Cut in Outpu
  -> Failed: 429 Your project has exceeded its monthly spending cap. Please go to AI Studio at https://ai.studio/spend to manage your project spend cap. Learn more at https://ai.google.dev/gemini-api/docs/billing#project-spend-caps. 
[812/1215] Classifying: Good Riddance:Grim Quarter Closed Out a Grim Year 
  -> Failed: 429 Your project has exceeded its monthly spending cap. Please go to AI Studio at https://ai.studio/spend to manage your project spend cap. Learn more at https://ai.google.dev/gemini-api/docs/billing#project-spend-caps. 
[813/1215] Classifying: Colombian policy puts Bush under pressure
  -> Failed: 429 Your project has exceeded its monthly spending cap. Please go to AI Studio at https://ai.studio/spend to manage your project spend cap. Learn more at https://ai.google.dev/gemini-api/docs/billing#project-spend-caps. 
[814/1215] Classifying: Market forces
  -> Failed: 429 Your project has exceeded its monthly spending cap. Please go to AI Studio at https://ai.studio/spend to manage your project spend cap. Learn more at https://ai.google.dev/gemini-api/docs/billing#project-spend-caps. 
[815/1215] Classifying: ECB stays quiet over interest rate changes
  -> Failed: 429 Your project has exceeded its monthly spending cap. Please go to AI Studio at https://ai.studio/spend to manage your project spend cap. Learn more at https://ai.google.dev/gemini-api/docs/billing#project-spend-caps. 
[816/1215] Classifying: Fair exchange rate is no panacea
  -> Failed: 429 Your project has exceeded its monthly spending cap. Please go to AI Studio at https://ai.studio/spend to manage your project spend cap. Learn more at https://ai.google.dev/gemini-api/docs/billing#project-spend-caps. 
[817/1215] Classifying: Shell cuts price of unleaded by 4p a litre
  -> Failed: 429 Your project has exceeded its monthly spending cap. Please go to AI Studio at https://ai.studio/spend to manage your project spend cap. Learn more at https://ai.google.dev/gemini-api/docs/billing#project-spend-caps. 
[818/1215] Classifying: Mitterrand's son loses plea for immediate bail
  -> Failed: 429 Your project has exceeded its monthly spending cap. Please go to AI Studio at https://ai.studio/spend to manage your project spend cap. Learn more at https://ai.google.dev/gemini-api/docs/billing#project-spend-caps. 
[819/1215] Classifying: Oil shares get a warm glow
  -> Failed: 429 Your project has exceeded its monthly spending cap. Please go to AI Studio at https://ai.studio/spend to manage your project spend cap. Learn more at https://ai.google.dev/gemini-api/docs/billing#project-spend-caps. 
[820/1215] Classifying: Peace on earth: not in 2000
  -> Failed: 429 Your project has exceeded its monthly spending cap. Please go to AI Studio at https://ai.studio/spend to manage your project spend cap. Learn more at https://ai.google.dev/gemini-api/docs/billing#project-spend-caps. 
[821/1215] Classifying: Comment: Andrew Rawnsley
  -> Failed: 429 Your project has exceeded its monthly spending cap. Please go to AI Studio at https://ai.studio/spend to manage your project spend cap. Learn more at https://ai.google.dev/gemini-api/docs/billing#project-spend-caps. 
[822/1215] Classifying: DTI threatens inquiry over gas price increases
  -> Failed: 429 Your project has exceeded its monthly spending cap. Please go to AI Studio at https://ai.studio/spend to manage your project spend cap. Learn more at https://ai.google.dev/gemini-api/docs/billing#project-spend-caps. 
[823/1215] Classifying: Hanson rejoins FTSE 100
  -> Failed: 429 Your project has exceeded its monthly spending cap. Please go to AI Studio at https://ai.studio/spend to manage your project spend cap. Learn more at https://ai.google.dev/gemini-api/docs/billing#project-spend-caps. 
[824/1215] Classifying: Leader: Clinton aiming to go out with a bang
  -> Failed: 429 Your project has exceeded its monthly spending cap. Please go to AI Studio at https://ai.studio/spend to manage your project spend cap. Learn more at https://ai.google.dev/gemini-api/docs/billing#project-spend-caps. 
[825/1215] Classifying: Business: At this price? Blue Circle
  -> Failed: 429 Your project has exceeded its monthly spending cap. Please go to AI Studio at https://ai.studio/spend to manage your project spend cap. Learn more at https://ai.google.dev/gemini-api/docs/billing#project-spend-caps. 
[826/1215] Classifying: Hi-tech flight floors Footsie
  -> Failed: 429 Your project has exceeded its monthly spending cap. Please go to AI Studio at https://ai.studio/spend to manage your project spend cap. Learn more at https://ai.google.dev/gemini-api/docs/billing#project-spend-caps. 
[827/1215] Classifying: The Crisis That Maybe Cried Wolf; Heating Oil Supp
  -> Failed: 429 Your project has exceeded its monthly spending cap. Please go to AI Studio at https://ai.studio/spend to manage your project spend cap. Learn more at https://ai.google.dev/gemini-api/docs/billing#project-spend-caps. 
[828/1215] Classifying: Circumventing An Oil Crisis; This Time, Policy Mak
  -> Failed: 429 Your project has exceeded its monthly spending cap. Please go to AI Studio at https://ai.studio/spend to manage your project spend cap. Learn more at https://ai.google.dev/gemini-api/docs/billing#project-spend-caps. 
[829/1215] Classifying: THE 2000 CAMPAIGN; Transcript of Debate Between Vi
  -> Failed: 429 Your project has exceeded its monthly spending cap. Please go to AI Studio at https://ai.studio/spend to manage your project spend cap. Learn more at https://ai.google.dev/gemini-api/docs/billing#project-spend-caps. 
[830/1215] Classifying: Foreign Affairs; Candidate In the Balance
  -> Failed: 429 Your project has exceeded its monthly spending cap. Please go to AI Studio at https://ai.studio/spend to manage your project spend cap. Learn more at https://ai.google.dev/gemini-api/docs/billing#project-spend-caps. 
[831/1215] Classifying: U.S. and Others Press for Cuts In Price of Oil
  -> Failed: 429 Your project has exceeded its monthly spending cap. Please go to AI Studio at https://ai.studio/spend to manage your project spend cap. Learn more at https://ai.google.dev/gemini-api/docs/billing#project-spend-caps. 
[832/1215] Classifying: A New Energy Economy Is Dawning
  -> Failed: 429 Your project has exceeded its monthly spending cap. Please go to AI Studio at https://ai.studio/spend to manage your project spend cap. Learn more at https://ai.google.dev/gemini-api/docs/billing#project-spend-caps. 
[833/1215] Classifying: THE MARKETS; Despite OPEC Decision, Home Heating O
  -> Failed: 429 Your project has exceeded its monthly spending cap. Please go to AI Studio at https://ai.studio/spend to manage your project spend cap. Learn more at https://ai.google.dev/gemini-api/docs/billing#project-spend-caps. 
[834/1215] Classifying: NEWS SUMMARY
  -> Failed: 429 Your project has exceeded its monthly spending cap. Please go to AI Studio at https://ai.studio/spend to manage your project spend cap. Learn more at https://ai.google.dev/gemini-api/docs/billing#project-spend-caps. 
[835/1215] Classifying: Producers Urged to Lift Output As Cost Nears a 10-
  -> Failed: 429 Your project has exceeded its monthly spending cap. Please go to AI Studio at https://ai.studio/spend to manage your project spend cap. Learn more at https://ai.google.dev/gemini-api/docs/billing#project-spend-caps. 
[836/1215] Classifying: THE MARKETS: Market Place; Home Heating Oil Prices
  -> Failed: 429 Your project has exceeded its monthly spending cap. Please go to AI Studio at https://ai.studio/spend to manage your project spend cap. Learn more at https://ai.google.dev/gemini-api/docs/billing#project-spend-caps. 
[837/1215] Classifying: Small Gas Stations Struggle As Big Oil Producers P
  -> Failed: 429 Your project has exceeded its monthly spending cap. Please go to AI Studio at https://ai.studio/spend to manage your project spend cap. Learn more at https://ai.google.dev/gemini-api/docs/billing#project-spend-caps. 
[838/1215] Classifying: FIVE QUESTIONS for BIJAN NAMDAR ZANGANEH; Toward O
  -> Failed: 429 Your project has exceeded its monthly spending cap. Please go to AI Studio at https://ai.studio/spend to manage your project spend cap. Learn more at https://ai.google.dev/gemini-api/docs/billing#project-spend-caps. 
[839/1215] Classifying: Oil Price Falls Nearly Enough For OPEC to Cut Prod
  -> Failed: 429 Your project has exceeded its monthly spending cap. Please go to AI Studio at https://ai.studio/spend to manage your project spend cap. Learn more at https://ai.google.dev/gemini-api/docs/billing#project-spend-caps. 
[840/1215] Classifying: OPEC Leaves Question Of Oil Increase on Table
  -> Failed: 429 Your project has exceeded its monthly spending cap. Please go to AI Studio at https://ai.studio/spend to manage your project spend cap. Learn more at https://ai.google.dev/gemini-api/docs/billing#project-spend-caps. 
[841/1215] Classifying: Cheap Oil's Tough Bargains
  -> Failed: 429 Your project has exceeded its monthly spending cap. Please go to AI Studio at https://ai.studio/spend to manage your project spend cap. Learn more at https://ai.google.dev/gemini-api/docs/billing#project-spend-caps. 
[842/1215] Classifying: THE MARKETS: Market Place; Oil Price Exceeds $30 a
  -> Failed: 429 Your project has exceeded its monthly spending cap. Please go to AI Studio at https://ai.studio/spend to manage your project spend cap. Learn more at https://ai.google.dev/gemini-api/docs/billing#project-spend-caps. 
[843/1215] Classifying: OPEC Strategy Is Beginning To Be Noticed By Consum
  -> Failed: 429 Your project has exceeded its monthly spending cap. Please go to AI Studio at https://ai.studio/spend to manage your project spend cap. Learn more at https://ai.google.dev/gemini-api/docs/billing#project-spend-caps. 
[844/1215] Classifying: THE MARKETS: COMMODITIES; Oil Price Tops $28 a Bar
  -> Failed: 429 Your project has exceeded its monthly spending cap. Please go to AI Studio at https://ai.studio/spend to manage your project spend cap. Learn more at https://ai.google.dev/gemini-api/docs/billing#project-spend-caps. 
[845/1215] Classifying: Movers
  -> Failed: 429 Your project has exceeded its monthly spending cap. Please go to AI Studio at https://ai.studio/spend to manage your project spend cap. Learn more at https://ai.google.dev/gemini-api/docs/billing#project-spend-caps. 
[846/1215] Classifying: Shell searches for hidden pearl of performance
  -> Failed: 429 Your project has exceeded its monthly spending cap. Please go to AI Studio at https://ai.studio/spend to manage your project spend cap. Learn more at https://ai.google.dev/gemini-api/docs/billing#project-spend-caps. 
[847/1215] Classifying: Scotland '£5bn better off than Whitehall claims'
  -> Failed: 429 Your project has exceeded its monthly spending cap. Please go to AI Studio at https://ai.studio/spend to manage your project spend cap. Learn more at https://ai.google.dev/gemini-api/docs/billing#project-spend-caps. 
[848/1215] Classifying: Strategy sacriced to soundbite
  -> Failed: 429 Your project has exceeded its monthly spending cap. Please go to AI Studio at https://ai.studio/spend to manage your project spend cap. Learn more at https://ai.google.dev/gemini-api/docs/billing#project-spend-caps. 
[849/1215] Classifying: Shell shares soar on buy-back teaser
  -> Failed: 429 Your project has exceeded its monthly spending cap. Please go to AI Studio at https://ai.studio/spend to manage your project spend cap. Learn more at https://ai.google.dev/gemini-api/docs/billing#project-spend-caps. 
[850/1215] Classifying: Nemesis and nativity
  -> Failed: 429 Your project has exceeded its monthly spending cap. Please go to AI Studio at https://ai.studio/spend to manage your project spend cap. Learn more at https://ai.google.dev/gemini-api/docs/billing#project-spend-caps. 
[851/1215] Classifying: Crude oil price hits profit margins
  -> Failed: 429 Your project has exceeded its monthly spending cap. Please go to AI Studio at https://ai.studio/spend to manage your project spend cap. Learn more at https://ai.google.dev/gemini-api/docs/billing#project-spend-caps. 
[852/1215] Classifying: Finance Roundup
  -> Failed: 429 Your project has exceeded its monthly spending cap. Please go to AI Studio at https://ai.studio/spend to manage your project spend cap. Learn more at https://ai.google.dev/gemini-api/docs/billing#project-spend-caps. 
[853/1215] Classifying: Russia's ultimatum
  -> Failed: 429 Your project has exceeded its monthly spending cap. Please go to AI Studio at https://ai.studio/spend to manage your project spend cap. Learn more at https://ai.google.dev/gemini-api/docs/billing#project-spend-caps. 
[854/1215] Classifying: Carlos the Jackal returns to court
  -> Failed: 429 Your project has exceeded its monthly spending cap. Please go to AI Studio at https://ai.studio/spend to manage your project spend cap. Learn more at https://ai.google.dev/gemini-api/docs/billing#project-spend-caps. 
[855/1215] Classifying: City briefing
  -> Failed: 429 Your project has exceeded its monthly spending cap. Please go to AI Studio at https://ai.studio/spend to manage your project spend cap. Learn more at https://ai.google.dev/gemini-api/docs/billing#project-spend-caps. 
[856/1215] Classifying: Pay policy in fancy dress
  -> Failed: 429 Your project has exceeded its monthly spending cap. Please go to AI Studio at https://ai.studio/spend to manage your project spend cap. Learn more at https://ai.google.dev/gemini-api/docs/billing#project-spend-caps. 
[857/1215] Classifying: Iraq turns off oil to wrongfoot the UN
  -> Failed: 429 Your project has exceeded its monthly spending cap. Please go to AI Studio at https://ai.studio/spend to manage your project spend cap. Learn more at https://ai.google.dev/gemini-api/docs/billing#project-spend-caps. 
[858/1215] Classifying: Jitters as oil prices hit $25
  -> Failed: 429 Your project has exceeded its monthly spending cap. Please go to AI Studio at https://ai.studio/spend to manage your project spend cap. Learn more at https://ai.google.dev/gemini-api/docs/billing#project-spend-caps. 
[859/1215] Classifying: COMMODITIES; Oil Prices Reach Highest Level in 3 Y
  -> Failed: 429 Your project has exceeded its monthly spending cap. Please go to AI Studio at https://ai.studio/spend to manage your project spend cap. Learn more at https://ai.google.dev/gemini-api/docs/billing#project-spend-caps. 
[860/1215] Classifying: Gas as a Haven From Oil-Price Swings
  -> Failed: 429 Your project has exceeded its monthly spending cap. Please go to AI Studio at https://ai.studio/spend to manage your project spend cap. Learn more at https://ai.google.dev/gemini-api/docs/billing#project-spend-caps. 
[861/1215] Classifying: Labor Day Drivers to Pay More for Gas Than in '98
  -> Failed: 429 Your project has exceeded its monthly spending cap. Please go to AI Studio at https://ai.studio/spend to manage your project spend cap. Learn more at https://ai.google.dev/gemini-api/docs/billing#project-spend-caps. 
[862/1215] Classifying: THE MARKETS: Market Place; Resurging Oil Prices Le
  -> Failed: 429 Your project has exceeded its monthly spending cap. Please go to AI Studio at https://ai.studio/spend to manage your project spend cap. Learn more at https://ai.google.dev/gemini-api/docs/billing#project-spend-caps. 
[863/1215] Classifying: THE MARKETS: COMMODITIES; Oil Price Up As OPEC's C
  -> Failed: 429 Your project has exceeded its monthly spending cap. Please go to AI Studio at https://ai.studio/spend to manage your project spend cap. Learn more at https://ai.google.dev/gemini-api/docs/billing#project-spend-caps. 
[864/1215] Classifying: Business Travel
  -> Failed: 429 Your project has exceeded its monthly spending cap. Please go to AI Studio at https://ai.studio/spend to manage your project spend cap. Learn more at https://ai.google.dev/gemini-api/docs/billing#project-spend-caps. 
[865/1215] Classifying: Oil Producers Agree to Trim Output to Help Bolster
  -> Failed: 429 Your project has exceeded its monthly spending cap. Please go to AI Studio at https://ai.studio/spend to manage your project spend cap. Learn more at https://ai.google.dev/gemini-api/docs/billing#project-spend-caps. 
[866/1215] Classifying: Looking Up All the Way Down:Is Oil Finally Ripe fo
  -> Failed: 429 Your project has exceeded its monthly spending cap. Please go to AI Studio at https://ai.studio/spend to manage your project spend cap. Learn more at https://ai.google.dev/gemini-api/docs/billing#project-spend-caps. 
[867/1215] Classifying: BIG OIL: THE MOTIVES; Supply and Profits
  -> Failed: 429 Your project has exceeded its monthly spending cap. Please go to AI Studio at https://ai.studio/spend to manage your project spend cap. Learn more at https://ai.google.dev/gemini-api/docs/billing#project-spend-caps. 
[868/1215] Classifying: BP sacks security chief: Inquiry into arms and spy
  -> Failed: 429 Your project has exceeded its monthly spending cap. Please go to AI Studio at https://ai.studio/spend to manage your project spend cap. Learn more at https://ai.google.dev/gemini-api/docs/billing#project-spend-caps. 
[869/1215] Classifying: The gamble
  -> Failed: 429 Your project has exceeded its monthly spending cap. Please go to AI Studio at https://ai.studio/spend to manage your project spend cap. Learn more at https://ai.google.dev/gemini-api/docs/billing#project-spend-caps. 
[870/1215] Classifying: The World; Singing the Cartel Blues
  -> Failed: 429 Your project has exceeded its monthly spending cap. Please go to AI Studio at https://ai.studio/spend to manage your project spend cap. Learn more at https://ai.google.dev/gemini-api/docs/billing#project-spend-caps. 
[871/1215] Classifying: INTERNATIONAL BUSINESS; Mexico Playing Unfamiliar 
  -> Failed: 429 Your project has exceeded its monthly spending cap. Please go to AI Studio at https://ai.studio/spend to manage your project spend cap. Learn more at https://ai.google.dev/gemini-api/docs/billing#project-spend-caps. 
[872/1215] Classifying: THE MARKETS; Oil Price Rises 13% on Pledges Of Sup
  -> Failed: 429 Your project has exceeded its monthly spending cap. Please go to AI Studio at https://ai.studio/spend to manage your project spend cap. Learn more at https://ai.google.dev/gemini-api/docs/billing#project-spend-caps. 
[873/1215] Classifying: Why we must not be tempted into the single currenc
  -> Failed: 429 Your project has exceeded its monthly spending cap. Please go to AI Studio at https://ai.studio/spend to manage your project spend cap. Learn more at https://ai.google.dev/gemini-api/docs/billing#project-spend-caps. 
[874/1215] Classifying: Oil Firms Get Blamed for High Prices
  -> Failed: 429 Your project has exceeded its monthly spending cap. Please go to AI Studio at https://ai.studio/spend to manage your project spend cap. Learn more at https://ai.google.dev/gemini-api/docs/billing#project-spend-caps. 
[875/1215] Classifying: Tugs fight to stop slick from tanker polluting wil
  -> Failed: 429 Your project has exceeded its monthly spending cap. Please go to AI Studio at https://ai.studio/spend to manage your project spend cap. Learn more at https://ai.google.dev/gemini-api/docs/billing#project-spend-caps. 
[876/1215] Classifying: Keith Joseph obituary
  -> Failed: 429 Your project has exceeded its monthly spending cap. Please go to AI Studio at https://ai.studio/spend to manage your project spend cap. Learn more at https://ai.google.dev/gemini-api/docs/billing#project-spend-caps. 
[877/1215] Classifying: Growing Thirst to Boost Prices for Decade : Appeti
  -> Failed: 429 Your project has exceeded its monthly spending cap. Please go to AI Studio at https://ai.studio/spend to manage your project spend cap. Learn more at https://ai.google.dev/gemini-api/docs/billing#project-spend-caps. 
[878/1215] Classifying: FUTURE MARKETS; Oil Price Is Highest In a Year
  -> Failed: 429 Your project has exceeded its monthly spending cap. Please go to AI Studio at https://ai.studio/spend to manage your project spend cap. Learn more at https://ai.google.dev/gemini-api/docs/billing#project-spend-caps. 
[879/1215] Classifying: The World; OPEC's Lonely at the Tap, But China's G
  -> Failed: 429 Your project has exceeded its monthly spending cap. Please go to AI Studio at https://ai.studio/spend to manage your project spend cap. Learn more at https://ai.google.dev/gemini-api/docs/billing#project-spend-caps. 
[880/1215] Classifying: Oil Prices, Plunging, May Not Have Hit Bottom
  -> Failed: 429 Your project has exceeded its monthly spending cap. Please go to AI Studio at https://ai.studio/spend to manage your project spend cap. Learn more at https://ai.google.dev/gemini-api/docs/billing#project-spend-caps. 
[881/1215] Classifying: COMPANY REPORTS; Texaco's Earnings Double Despite 
  -> Failed: 429 Your project has exceeded its monthly spending cap. Please go to AI Studio at https://ai.studio/spend to manage your project spend cap. Learn more at https://ai.google.dev/gemini-api/docs/billing#project-spend-caps. 
[882/1215] Classifying: Is There Energy in Oil Stocks?
  -> Failed: 429 Your project has exceeded its monthly spending cap. Please go to AI Studio at https://ai.studio/spend to manage your project spend cap. Learn more at https://ai.google.dev/gemini-api/docs/billing#project-spend-caps. 
[883/1215] Classifying: FUTURES/OPTIONS; Oil Price Tumbles to $17.87, The 
  -> Failed: 429 Your project has exceeded its monthly spending cap. Please go to AI Studio at https://ai.studio/spend to manage your project spend cap. Learn more at https://ai.google.dev/gemini-api/docs/billing#project-spend-caps. 
[884/1215] Classifying: OPEC Divided on Meeting To Address Weak Oil Prices
  -> Failed: 429 Your project has exceeded its monthly spending cap. Please go to AI Studio at https://ai.studio/spend to manage your project spend cap. Learn more at https://ai.google.dev/gemini-api/docs/billing#project-spend-caps. 
[885/1215] Classifying: FORUM;
A World Overly Greedy for Oil
  -> Failed: 429 Your project has exceeded its monthly spending cap. Please go to AI Studio at https://ai.studio/spend to manage your project spend cap. Learn more at https://ai.google.dev/gemini-api/docs/billing#project-spend-caps. 
[886/1215] Classifying: Saudis Won't Ditch OPEC for Our Sake
  -> Failed: 429 Your project has exceeded its monthly spending cap. Please go to AI Studio at https://ai.studio/spend to manage your project spend cap. Learn more at https://ai.google.dev/gemini-api/docs/billing#project-spend-caps. 
[887/1215] Classifying: OPEC Cuts: How Much and Whose?
  -> Failed: 429 Your project has exceeded its monthly spending cap. Please go to AI Studio at https://ai.studio/spend to manage your project spend cap. Learn more at https://ai.google.dev/gemini-api/docs/billing#project-spend-caps. 
[888/1215] Classifying: Market Place; Are Oil Stocks A Bargain Now?
  -> Failed: 429 Your project has exceeded its monthly spending cap. Please go to AI Studio at https://ai.studio/spend to manage your project spend cap. Learn more at https://ai.google.dev/gemini-api/docs/billing#project-spend-caps. 
[889/1215] Classifying: FUTURES/OPTIONS; Oil Prices Decline Sharply On Bel
  -> Failed: 429 Your project has exceeded its monthly spending cap. Please go to AI Studio at https://ai.studio/spend to manage your project spend cap. Learn more at https://ai.google.dev/gemini-api/docs/billing#project-spend-caps. 
[890/1215] Classifying: The 462 million gallon question
  -> Failed: 429 Your project has exceeded its monthly spending cap. Please go to AI Studio at https://ai.studio/spend to manage your project spend cap. Learn more at https://ai.google.dev/gemini-api/docs/billing#project-spend-caps. 
[891/1215] Classifying: Cheap Oil May Not Be Enough to Cure Recession
  -> Failed: 429 Your project has exceeded its monthly spending cap. Please go to AI Studio at https://ai.studio/spend to manage your project spend cap. Learn more at https://ai.google.dev/gemini-api/docs/billing#project-spend-caps. 
[892/1215] Classifying: OPEC to Restore Quotas After Crisis Ends
  -> Failed: 429 Your project has exceeded its monthly spending cap. Please go to AI Studio at https://ai.studio/spend to manage your project spend cap. Learn more at https://ai.google.dev/gemini-api/docs/billing#project-spend-caps. 
[893/1215] Classifying: Oil Price Falls 49 Cents Amid OPEC Concerns
  -> Failed: 429 Your project has exceeded its monthly spending cap. Please go to AI Studio at https://ai.studio/spend to manage your project spend cap. Learn more at https://ai.google.dev/gemini-api/docs/billing#project-spend-caps. 
[894/1215] Classifying: Oil Industry Shows Caution In Spending Sudden Prof
  -> Failed: 429 Your project has exceeded its monthly spending cap. Please go to AI Studio at https://ai.studio/spend to manage your project spend cap. Learn more at https://ai.google.dev/gemini-api/docs/billing#project-spend-caps. 
[895/1215] Classifying: Oil-Price Drop Seen by Yamani
  -> Failed: 429 Your project has exceeded its monthly spending cap. Please go to AI Studio at https://ai.studio/spend to manage your project spend cap. Learn more at https://ai.google.dev/gemini-api/docs/billing#project-spend-caps. 
[896/1215] Classifying: Oil Jumps In Futures Trading
  -> Failed: 429 Your project has exceeded its monthly spending cap. Please go to AI Studio at https://ai.studio/spend to manage your project spend cap. Learn more at https://ai.google.dev/gemini-api/docs/billing#project-spend-caps. 
[897/1215] Classifying: In the Oil Trading Pit, Reflexes Must Be Fast
  -> Failed: 429 Your project has exceeded its monthly spending cap. Please go to AI Studio at https://ai.studio/spend to manage your project spend cap. Learn more at https://ai.google.dev/gemini-api/docs/billing#project-spend-caps. 
[898/1215] Classifying: Oil Price Rise Gives Algeria a $1 Billion Windfall
  -> Failed: 429 Your project has exceeded its monthly spending cap. Please go to AI Studio at https://ai.studio/spend to manage your project spend cap. Learn more at https://ai.google.dev/gemini-api/docs/billing#project-spend-caps. 
[899/1215] Classifying: Crude Up By $1.66, To $31.43
  -> Failed: 429 Your project has exceeded its monthly spending cap. Please go to AI Studio at https://ai.studio/spend to manage your project spend cap. Learn more at https://ai.google.dev/gemini-api/docs/billing#project-spend-caps. 
[900/1215] Classifying: Oil Price Tumbles $4 a Barrel l
  -> Failed: 429 Your project has exceeded its monthly spending cap. Please go to AI Studio at https://ai.studio/spend to manage your project spend cap. Learn more at https://ai.google.dev/gemini-api/docs/billing#project-spend-caps. 
[901/1215] Classifying: Oil's Big Chance To Shape the Future
  -> Failed: 429 Your project has exceeded its monthly spending cap. Please go to AI Studio at https://ai.studio/spend to manage your project spend cap. Learn more at https://ai.google.dev/gemini-api/docs/billing#project-spend-caps. 
[902/1215] Classifying: Peace Effort Seen Stalling Oil Price Rise
  -> Failed: 429 Your project has exceeded its monthly spending cap. Please go to AI Studio at https://ai.studio/spend to manage your project spend cap. Learn more at https://ai.google.dev/gemini-api/docs/billing#project-spend-caps. 
[903/1215] Classifying: World Markets
  -> Failed: 429 Your project has exceeded its monthly spending cap. Please go to AI Studio at https://ai.studio/spend to manage your project spend cap. Learn more at https://ai.google.dev/gemini-api/docs/billing#project-spend-caps. 
[904/1215] Classifying: Oil Drops More Than $2 a Barrel
  -> Failed: 429 Your project has exceeded its monthly spending cap. Please go to AI Studio at https://ai.studio/spend to manage your project spend cap. Learn more at https://ai.google.dev/gemini-api/docs/billing#project-spend-caps. 
[905/1215] Classifying: Oil-Price Climb Slows; New Stability Possible
  -> Failed: 429 Your project has exceeded its monthly spending cap. Please go to AI Studio at https://ai.studio/spend to manage your project spend cap. Learn more at https://ai.google.dev/gemini-api/docs/billing#project-spend-caps. 
[906/1215] Classifying: Oil Price Slide Fails to Register At Gas Pumps
  -> Failed: 429 Your project has exceeded its monthly spending cap. Please go to AI Studio at https://ai.studio/spend to manage your project spend cap. Learn more at https://ai.google.dev/gemini-api/docs/billing#project-spend-caps. 
[907/1215] Classifying: Oil Worries Increasing For OPEC
  -> Failed: 429 Your project has exceeded its monthly spending cap. Please go to AI Studio at https://ai.studio/spend to manage your project spend cap. Learn more at https://ai.google.dev/gemini-api/docs/billing#project-spend-caps. 
[908/1215] Classifying: Abrupt Oil-Price Shifts Seen As Unlikely Despite S
  -> Failed: 429 Your project has exceeded its monthly spending cap. Please go to AI Studio at https://ai.studio/spend to manage your project spend cap. Learn more at https://ai.google.dev/gemini-api/docs/billing#project-spend-caps. 
[909/1215] Classifying: As Exxon halts its clean-up operation, the afterma
  -> Failed: 429 Your project has exceeded its monthly spending cap. Please go to AI Studio at https://ai.studio/spend to manage your project spend cap. Learn more at https://ai.google.dev/gemini-api/docs/billing#project-spend-caps. 
[910/1215] Classifying: Giant oil spill imperils Alaska
  -> Failed: 429 Your project has exceeded its monthly spending cap. Please go to AI Studio at https://ai.studio/spend to manage your project spend cap. Learn more at https://ai.google.dev/gemini-api/docs/billing#project-spend-caps. 
[911/1215] Classifying: Giant oil spill imperils Alaska
  -> Failed: 429 Your project has exceeded its monthly spending cap. Please go to AI Studio at https://ai.studio/spend to manage your project spend cap. Learn more at https://ai.google.dev/gemini-api/docs/billing#project-spend-caps. 
[912/1215] Classifying: FUTURES/OPTIONS; Several Oil Countries Pledge Supp
  -> Failed: 429 Your project has exceeded its monthly spending cap. Please go to AI Studio at https://ai.studio/spend to manage your project spend cap. Learn more at https://ai.google.dev/gemini-api/docs/billing#project-spend-caps. 
[913/1215] Classifying: OPEC Pact Lifts Oil Prices, But $18-$20 Goal Is El
  -> Failed: 429 Your project has exceeded its monthly spending cap. Please go to AI Studio at https://ai.studio/spend to manage your project spend cap. Learn more at https://ai.google.dev/gemini-api/docs/billing#project-spend-caps. 
[914/1215] Classifying: FUTURES/OPTIONS; Energy Prices Up Strongly After N
  -> Failed: 429 Your project has exceeded its monthly spending cap. Please go to AI Studio at https://ai.studio/spend to manage your project spend cap. Learn more at https://ai.google.dev/gemini-api/docs/billing#project-spend-caps. 
[915/1215] Classifying: Big Gasoline Price Rise Is Considered Unlikely
  -> Failed: 429 Your project has exceeded its monthly spending cap. Please go to AI Studio at https://ai.studio/spend to manage your project spend cap. Learn more at https://ai.google.dev/gemini-api/docs/billing#project-spend-caps. 
[916/1215] Classifying: New Demand by Saudis Endangers OPEC Accord
  -> Failed: 429 Your project has exceeded its monthly spending cap. Please go to AI Studio at https://ai.studio/spend to manage your project spend cap. Learn more at https://ai.google.dev/gemini-api/docs/billing#project-spend-caps. 
[917/1215] Classifying: Oil Experts See No Rebound Until OPEC Limits Outpu
  -> Failed: 429 Your project has exceeded its monthly spending cap. Please go to AI Studio at https://ai.studio/spend to manage your project spend cap. Learn more at https://ai.google.dev/gemini-api/docs/billing#project-spend-caps. 
[918/1215] Classifying: INVESTING;
The Case for Natural Gas Stocks
  -> Failed: 429 Your project has exceeded its monthly spending cap. Please go to AI Studio at https://ai.studio/spend to manage your project spend cap. Learn more at https://ai.google.dev/gemini-api/docs/billing#project-spend-caps. 
[919/1215] Classifying: Goodbye, Ronald Reagan
  -> Failed: 429 Your project has exceeded its monthly spending cap. Please go to AI Studio at https://ai.studio/spend to manage your project spend cap. Learn more at https://ai.google.dev/gemini-api/docs/billing#project-spend-caps. 
[920/1215] Classifying: Mexico to Seek More Loans In Plan to Offset Oil De
  -> Failed: 429 Your project has exceeded its monthly spending cap. Please go to AI Studio at https://ai.studio/spend to manage your project spend cap. Learn more at https://ai.google.dev/gemini-api/docs/billing#project-spend-caps. 
[921/1215] Classifying: TWO CHEERS FOR $5 OIL
  -> Failed: 429 Your project has exceeded its monthly spending cap. Please go to AI Studio at https://ai.studio/spend to manage your project spend cap. Learn more at https://ai.google.dev/gemini-api/docs/billing#project-spend-caps. 
[922/1215] Classifying: Oil Price Is Little Changed: Stability Is Seen as 
  -> Failed: 429 Your project has exceeded its monthly spending cap. Please go to AI Studio at https://ai.studio/spend to manage your project spend cap. Learn more at https://ai.google.dev/gemini-api/docs/billing#project-spend-caps. 
[923/1215] Classifying: FUTURES/OPTIONS; Price War Fears Send Oil Tumbling
  -> Failed: 429 Your project has exceeded its monthly spending cap. Please go to AI Studio at https://ai.studio/spend to manage your project spend cap. Learn more at https://ai.google.dev/gemini-api/docs/billing#project-spend-caps. 
[924/1215] Classifying: Market Place;
Analysts Wary On Big Oil Stocks
  -> Failed: 429 Your project has exceeded its monthly spending cap. Please go to AI Studio at https://ai.studio/spend to manage your project spend cap. Learn more at https://ai.google.dev/gemini-api/docs/billing#project-spend-caps. 
[925/1215] Classifying: FUTURES/OPTIONS; Oil Price Off On Fears of More Su
  -> Failed: 429 Your project has exceeded its monthly spending cap. Please go to AI Studio at https://ai.studio/spend to manage your project spend cap. Learn more at https://ai.google.dev/gemini-api/docs/billing#project-spend-caps. 
[926/1215] Classifying: Some Treasury Bond Yields Dip Below 9%
  -> Failed: 429 Your project has exceeded its monthly spending cap. Please go to AI Studio at https://ai.studio/spend to manage your project spend cap. Learn more at https://ai.google.dev/gemini-api/docs/billing#project-spend-caps. 
[927/1215] Classifying: FUTURES/OPTIONS; 84-Cent Jump Raises Oil Price to 
  -> Failed: 429 Your project has exceeded its monthly spending cap. Please go to AI Studio at https://ai.studio/spend to manage your project spend cap. Learn more at https://ai.google.dev/gemini-api/docs/billing#project-spend-caps. 
[928/1215] Classifying: INTERNATIONAL REPORT; Tensions Within OPEC Heighte
  -> Failed: 429 Your project has exceeded its monthly spending cap. Please go to AI Studio at https://ai.studio/spend to manage your project spend cap. Learn more at https://ai.google.dev/gemini-api/docs/billing#project-spend-caps. 
[929/1215] Classifying: Oil Price Falls to a 20-Month Low of $14.78
  -> Failed: 429 Your project has exceeded its monthly spending cap. Please go to AI Studio at https://ai.studio/spend to manage your project spend cap. Learn more at https://ai.google.dev/gemini-api/docs/billing#project-spend-caps. 
[930/1215] Classifying: OIL PRICE SLIDE KEEPS GASOLINE COST STABLE
  -> Failed: 429 Your project has exceeded its monthly spending cap. Please go to AI Studio at https://ai.studio/spend to manage your project spend cap. Learn more at https://ai.google.dev/gemini-api/docs/billing#project-spend-caps. 
[931/1215] Classifying: Saudi Oil Tied to Spot Price
  -> Failed: 429 Your project has exceeded its monthly spending cap. Please go to AI Studio at https://ai.studio/spend to manage your project spend cap. Learn more at https://ai.google.dev/gemini-api/docs/billing#project-spend-caps. 
[932/1215] Classifying: FUTURES/OPTIONS; Oil Price Tops $17 a Barrel; OPEC
  -> Failed: 429 Your project has exceeded its monthly spending cap. Please go to AI Studio at https://ai.studio/spend to manage your project spend cap. Learn more at https://ai.google.dev/gemini-api/docs/billing#project-spend-caps. 
[933/1215] Classifying: Oil Declines On Silence By OPEC
  -> Failed: 429 Your project has exceeded its monthly spending cap. Please go to AI Studio at https://ai.studio/spend to manage your project spend cap. Learn more at https://ai.google.dev/gemini-api/docs/billing#project-spend-caps. 
[934/1215] Classifying: FUTURES/OPTIONS; Crude Oil Prices in the U.S. Decl
  -> Failed: 429 Your project has exceeded its monthly spending cap. Please go to AI Studio at https://ai.studio/spend to manage your project spend cap. Learn more at https://ai.google.dev/gemini-api/docs/billing#project-spend-caps. 
[935/1215] Classifying: DISARRAY OF OPEC IS CALLED BENEFIT TO U.S. CONSUME
  -> Failed: 429 Your project has exceeded its monthly spending cap. Please go to AI Studio at https://ai.studio/spend to manage your project spend cap. Learn more at https://ai.google.dev/gemini-api/docs/billing#project-spend-caps. 
[936/1215] Classifying: OPEC Pact Sends Oil Price Down
  -> Failed: 429 Your project has exceeded its monthly spending cap. Please go to AI Studio at https://ai.studio/spend to manage your project spend cap. Learn more at https://ai.google.dev/gemini-api/docs/billing#project-spend-caps. 
[937/1215] Classifying: INTERNATIONAL REPORT; Drop in Oil Prices Seen as L
  -> Failed: 429 Your project has exceeded its monthly spending cap. Please go to AI Studio at https://ai.studio/spend to manage your project spend cap. Learn more at https://ai.google.dev/gemini-api/docs/billing#project-spend-caps. 
[938/1215] Classifying: IRAN AND ARABS CLASH IN OPEC ON OIL POLICY
  -> Failed: 429 Your project has exceeded its monthly spending cap. Please go to AI Studio at https://ai.studio/spend to manage your project spend cap. Learn more at https://ai.google.dev/gemini-api/docs/billing#project-spend-caps. 
[939/1215] Classifying: Market Place; Oil Reserves Called Bargain
  -> Failed: 429 Your project has exceeded its monthly spending cap. Please go to AI Studio at https://ai.studio/spend to manage your project spend cap. Learn more at https://ai.google.dev/gemini-api/docs/billing#project-spend-caps. 
[940/1215] Classifying: FUTURES/OPTIONS; Gulf War Speculation Spurs Oil-Co
  -> Failed: 429 Your project has exceeded its monthly spending cap. Please go to AI Studio at https://ai.studio/spend to manage your project spend cap. Learn more at https://ai.google.dev/gemini-api/docs/billing#project-spend-caps. 
[941/1215] Classifying: FUTURES/OPTIONS; Raids in Persian Gulf Lift Crude 
  -> Failed: 429 Your project has exceeded its monthly spending cap. Please go to AI Studio at https://ai.studio/spend to manage your project spend cap. Learn more at https://ai.google.dev/gemini-api/docs/billing#project-spend-caps. 
[942/1215] Classifying: U.S. Crude Falls Below $20 a Barrel
  -> Failed: 429 Your project has exceeded its monthly spending cap. Please go to AI Studio at https://ai.studio/spend to manage your project spend cap. Learn more at https://ai.google.dev/gemini-api/docs/billing#project-spend-caps. 
[943/1215] Classifying: Oil Market Volatility Aids Merc
  -> Failed: 429 Your project has exceeded its monthly spending cap. Please go to AI Studio at https://ai.studio/spend to manage your project spend cap. Learn more at https://ai.google.dev/gemini-api/docs/billing#project-spend-caps. 
[944/1215] Classifying: SIGNS OF LIFE IN OIL INDUSTRY
  -> Failed: 429 Your project has exceeded its monthly spending cap. Please go to AI Studio at https://ai.studio/spend to manage your project spend cap. Learn more at https://ai.google.dev/gemini-api/docs/billing#project-spend-caps. 
[945/1215] Classifying: OPEC OUTPUT MAY BE DOWN
  -> Failed: 429 Your project has exceeded its monthly spending cap. Please go to AI Studio at https://ai.studio/spend to manage your project spend cap. Learn more at https://ai.google.dev/gemini-api/docs/billing#project-spend-caps. 
[946/1215] Classifying: OPEC'S ACCORD FAILING TO BLOCK OIL PRICE SLUMP
  -> Failed: 429 Your project has exceeded its monthly spending cap. Please go to AI Studio at https://ai.studio/spend to manage your project spend cap. Learn more at https://ai.google.dev/gemini-api/docs/billing#project-spend-caps. 
[947/1215] Classifying: U.S. OIL SHORTAGES SEEM UNAVOIDABLE TO MANY ANALYS
  -> Failed: 429 Your project has exceeded its monthly spending cap. Please go to AI Studio at https://ai.studio/spend to manage your project spend cap. Learn more at https://ai.google.dev/gemini-api/docs/billing#project-spend-caps. 
[948/1215] Classifying: BUSINESS FORUM: WILL OIL PRICES HOLD AT $18?; OPEC
  -> Failed: 429 Your project has exceeded its monthly spending cap. Please go to AI Studio at https://ai.studio/spend to manage your project spend cap. Learn more at https://ai.google.dev/gemini-api/docs/billing#project-spend-caps. 
[949/1215] Classifying: SAUDIS WANT OIL KEPT AT $18
  -> Failed: 429 Your project has exceeded its monthly spending cap. Please go to AI Studio at https://ai.studio/spend to manage your project spend cap. Learn more at https://ai.google.dev/gemini-api/docs/billing#project-spend-caps. 
[950/1215] Classifying: As Gulf War Intensifies, Oil Price Worries Grow
  -> Failed: 429 Your project has exceeded its monthly spending cap. Please go to AI Studio at https://ai.studio/spend to manage your project spend cap. Learn more at https://ai.google.dev/gemini-api/docs/billing#project-spend-caps. 
[951/1215] Classifying: Iraq Fixing Its Oil Prices
  -> Failed: 429 Your project has exceeded its monthly spending cap. Please go to AI Studio at https://ai.studio/spend to manage your project spend cap. Learn more at https://ai.google.dev/gemini-api/docs/billing#project-spend-caps. 
[952/1215] Classifying: Article 814686 -- No Title
  -> Failed: 429 Your project has exceeded its monthly spending cap. Please go to AI Studio at https://ai.studio/spend to manage your project spend cap. Learn more at https://ai.google.dev/gemini-api/docs/billing#project-spend-caps. 
[953/1215] Classifying: OIL WORRY: IMPORT RELIANCE
  -> Failed: 429 Your project has exceeded its monthly spending cap. Please go to AI Studio at https://ai.studio/spend to manage your project spend cap. Learn more at https://ai.google.dev/gemini-api/docs/billing#project-spend-caps. 
[954/1215] Classifying: FUTURES/OPTIONS; Oil-Price Slide Checked Despite D
  -> Failed: 429 Your project has exceeded its monthly spending cap. Please go to AI Studio at https://ai.studio/spend to manage your project spend cap. Learn more at https://ai.google.dev/gemini-api/docs/billing#project-spend-caps. 
[955/1215] Classifying: SAUDIS, TO DEVELOP TEHERAN TIES, ARE SAID TO BE SE
  -> Failed: 429 Your project has exceeded its monthly spending cap. Please go to AI Studio at https://ai.studio/spend to manage your project spend cap. Learn more at https://ai.google.dev/gemini-api/docs/billing#project-spend-caps. 
[956/1215] Classifying: Egypt to Raise Oil Price
  -> Failed: 429 Your project has exceeded its monthly spending cap. Please go to AI Studio at https://ai.studio/spend to manage your project spend cap. Learn more at https://ai.google.dev/gemini-api/docs/billing#project-spend-caps. 
[957/1215] Classifying: OPEC PANEL TO TACKLE PRICING
  -> Failed: 429 Your project has exceeded its monthly spending cap. Please go to AI Studio at https://ai.studio/spend to manage your project spend cap. Learn more at https://ai.google.dev/gemini-api/docs/billing#project-spend-caps. 
[958/1215] Classifying: SAUDIS SEEK OPEC PRICE MEETING; OIL MARKETS RESPON
  -> Failed: 429 Your project has exceeded its monthly spending cap. Please go to AI Studio at https://ai.studio/spend to manage your project spend cap. Learn more at https://ai.google.dev/gemini-api/docs/billing#project-spend-caps. 
[959/1215] Classifying: THE OPEC SCHISM: PRICE WAR HINTED
  -> Failed: 429 Your project has exceeded its monthly spending cap. Please go to AI Studio at https://ai.studio/spend to manage your project spend cap. Learn more at https://ai.google.dev/gemini-api/docs/billing#project-spend-caps. 
[960/1215] Classifying: OPEC PLAN SNAGGED AS KUWAIT DEMANDS BIG RISE IN IT
  -> Failed: 429 Your project has exceeded its monthly spending cap. Please go to AI Studio at https://ai.studio/spend to manage your project spend cap. Learn more at https://ai.google.dev/gemini-api/docs/billing#project-spend-caps. 
[961/1215] Classifying: Market Place; Energy Stocks: Analysts Split
  -> Failed: 429 Your project has exceeded its monthly spending cap. Please go to AI Studio at https://ai.studio/spend to manage your project spend cap. Learn more at https://ai.google.dev/gemini-api/docs/billing#project-spend-caps. 
[962/1215] Classifying: PROSPECTS
  -> Failed: 429 Your project has exceeded its monthly spending cap. Please go to AI Studio at https://ai.studio/spend to manage your project spend cap. Learn more at https://ai.google.dev/gemini-api/docs/billing#project-spend-caps. 
[963/1215] Classifying: FUTURES/OPTIONS; OIL MARKET STABILIZES, IGNORING B
  -> Failed: 429 Your project has exceeded its monthly spending cap. Please go to AI Studio at https://ai.studio/spend to manage your project spend cap. Learn more at https://ai.google.dev/gemini-api/docs/billing#project-spend-caps. 
[964/1215] Classifying: CREDIT MARKETS; TREASURIES DROP AFTER OIL PACT
  -> Failed: 429 Your project has exceeded its monthly spending cap. Please go to AI Studio at https://ai.studio/spend to manage your project spend cap. Learn more at https://ai.google.dev/gemini-api/docs/billing#project-spend-caps. 
[965/1215] Classifying: GASOLINE PRICE RISE OF 10 cents TO 20 cents IS SEE
  -> Failed: 429 Your project has exceeded its monthly spending cap. Please go to AI Studio at https://ai.studio/spend to manage your project spend cap. Learn more at https://ai.google.dev/gemini-api/docs/billing#project-spend-caps. 
[966/1215] Classifying: AN OPEC MEETING SEEMS AT IMPASSE
  -> Failed: 429 Your project has exceeded its monthly spending cap. Please go to AI Studio at https://ai.studio/spend to manage your project spend cap. Learn more at https://ai.google.dev/gemini-api/docs/billing#project-spend-caps. 
[967/1215] Classifying: OPEC AGAIN FAILS ON OUTPUT QUOTAS
  -> Failed: 429 Your project has exceeded its monthly spending cap. Please go to AI Studio at https://ai.studio/spend to manage your project spend cap. Learn more at https://ai.google.dev/gemini-api/docs/billing#project-spend-caps. 
[968/1215] Classifying: OPEC STILL AT IMPASSE OVER PRODUCTION CUTS
  -> Failed: 429 Your project has exceeded its monthly spending cap. Please go to AI Studio at https://ai.studio/spend to manage your project spend cap. Learn more at https://ai.google.dev/gemini-api/docs/billing#project-spend-caps. 
[969/1215] Classifying: OIL PRICE RISE VIEWED AS TEMPORARY
  -> Failed: 429 Your project has exceeded its monthly spending cap. Please go to AI Studio at https://ai.studio/spend to manage your project spend cap. Learn more at https://ai.google.dev/gemini-api/docs/billing#project-spend-caps. 
[970/1215] Classifying: OPEC STILL DIVIDED ON OIL CURBS
  -> Failed: 429 Your project has exceeded its monthly spending cap. Please go to AI Studio at https://ai.studio/spend to manage your project spend cap. Learn more at https://ai.google.dev/gemini-api/docs/billing#project-spend-caps. 
[971/1215] Classifying: AGREEMENT BY OPEC IS ELUSIVE
  -> Failed: 429 Your project has exceeded its monthly spending cap. Please go to AI Studio at https://ai.studio/spend to manage your project spend cap. Learn more at https://ai.google.dev/gemini-api/docs/billing#project-spend-caps. 
[972/1215] Classifying: DOUBTS ON GASOLINE PRICE CUTS
  -> Failed: 429 Your project has exceeded its monthly spending cap. Please go to AI Studio at https://ai.studio/spend to manage your project spend cap. Learn more at https://ai.google.dev/gemini-api/docs/billing#project-spend-caps. 
[973/1215] Classifying: BUSINESS DIGEST: WEDNESDAY, DECEMBER 11, 1985
  -> Failed: 429 Your project has exceeded its monthly spending cap. Please go to AI Studio at https://ai.studio/spend to manage your project spend cap. Learn more at https://ai.google.dev/gemini-api/docs/billing#project-spend-caps. 
[974/1215] Classifying: MARKET REACTION STRONG AMID DOUBTS ON OPEC
  -> Failed: 429 Your project has exceeded its monthly spending cap. Please go to AI Studio at https://ai.studio/spend to manage your project spend cap. Learn more at https://ai.google.dev/gemini-api/docs/billing#project-spend-caps. 
[975/1215] Classifying: OPEC PLANS TO END OIL-PRICE DEFENSE TO CAPTURE SAL
  -> Failed: 429 Your project has exceeded its monthly spending cap. Please go to AI Studio at https://ai.studio/spend to manage your project spend cap. Learn more at https://ai.google.dev/gemini-api/docs/billing#project-spend-caps. 
[976/1215] Classifying: BRITAIN AND NORWAY OUT OF OIL SPOTLIGHT
  -> Failed: 429 Your project has exceeded its monthly spending cap. Please go to AI Studio at https://ai.studio/spend to manage your project spend cap. Learn more at https://ai.google.dev/gemini-api/docs/billing#project-spend-caps. 
[977/1215] Classifying: REACTION MILD TO OIL PRICE CUTS
  -> Failed: 429 Your project has exceeded its monthly spending cap. Please go to AI Studio at https://ai.studio/spend to manage your project spend cap. Learn more at https://ai.google.dev/gemini-api/docs/billing#project-spend-caps. 
[978/1215] Classifying: MEXICO THREATENED BY OIL PRICE CUTS
  -> Failed: 429 Your project has exceeded its monthly spending cap. Please go to AI Studio at https://ai.studio/spend to manage your project spend cap. Learn more at https://ai.google.dev/gemini-api/docs/billing#project-spend-caps. 
[979/1215] Classifying: PRICE CUT PUTS MEXICO IN LEADING ROLE ON OIL
  -> Failed: 429 Your project has exceeded its monthly spending cap. Please go to AI Studio at https://ai.studio/spend to manage your project spend cap. Learn more at https://ai.google.dev/gemini-api/docs/billing#project-spend-caps. 
[980/1215] Classifying: PRICE CUT PUTS MEXICO IN LEADING ROLE ON OIL;   Re
  -> Failed: 429 Your project has exceeded its monthly spending cap. Please go to AI Studio at https://ai.studio/spend to manage your project spend cap. Learn more at https://ai.google.dev/gemini-api/docs/billing#project-spend-caps. 
[981/1215] Classifying: MEXICO CUTS PRICES OF ITS OIL
  -> Failed: 429 Your project has exceeded its monthly spending cap. Please go to AI Studio at https://ai.studio/spend to manage your project spend cap. Learn more at https://ai.google.dev/gemini-api/docs/billing#project-spend-caps. 
[982/1215] Classifying: CURRENCY MARKETS;   Dollar Has Broad Fall; Gold Is
  -> Failed: 429 Your project has exceeded its monthly spending cap. Please go to AI Studio at https://ai.studio/spend to manage your project spend cap. Learn more at https://ai.google.dev/gemini-api/docs/billing#project-spend-caps. 
[983/1215] Classifying: Oil Price Cut In Soviet Seen
  -> Failed: 429 Your project has exceeded its monthly spending cap. Please go to AI Studio at https://ai.studio/spend to manage your project spend cap. Learn more at https://ai.google.dev/gemini-api/docs/billing#project-spend-caps. 
[984/1215] Classifying: MEXICO CUTS A KEY OIL PRICE
  -> Failed: 429 Your project has exceeded its monthly spending cap. Please go to AI Studio at https://ai.studio/spend to manage your project spend cap. Learn more at https://ai.google.dev/gemini-api/docs/billing#project-spend-caps. 
[985/1215] Classifying: NORTH SEA OIL PRICE DROP SEEN
  -> Failed: 429 Your project has exceeded its monthly spending cap. Please go to AI Studio at https://ai.studio/spend to manage your project spend cap. Learn more at https://ai.google.dev/gemini-api/docs/billing#project-spend-caps. 
[986/1215] Classifying: TALK OF CUT IN OIL PRICE
  -> Failed: 429 Your project has exceeded its monthly spending cap. Please go to AI Studio at https://ai.studio/spend to manage your project spend cap. Learn more at https://ai.google.dev/gemini-api/docs/billing#project-spend-caps. 
[987/1215] Classifying: OIL PRICE FALL SEEN PERSISTING
  -> Failed: 429 Your project has exceeded its monthly spending cap. Please go to AI Studio at https://ai.studio/spend to manage your project spend cap. Learn more at https://ai.google.dev/gemini-api/docs/billing#project-spend-caps. 
[988/1215] Classifying: Norway Said to Cut Oil Price by Up to $1
  -> Failed: 429 Your project has exceeded its monthly spending cap. Please go to AI Studio at https://ai.studio/spend to manage your project spend cap. Learn more at https://ai.google.dev/gemini-api/docs/billing#project-spend-caps. 
[989/1215] Classifying: British Change Oil Price Setup
  -> Failed: 429 Your project has exceeded its monthly spending cap. Please go to AI Studio at https://ai.studio/spend to manage your project spend cap. Learn more at https://ai.google.dev/gemini-api/docs/billing#project-spend-caps. 
[990/1215] Classifying: Britain Avoids Oil-Price Cuts
  -> Failed: 429 Your project has exceeded its monthly spending cap. Please go to AI Studio at https://ai.studio/spend to manage your project spend cap. Learn more at https://ai.google.dev/gemini-api/docs/billing#project-spend-caps. 
[991/1215] Classifying: Egypt Cuts Oil Price by 50/
  -> Failed: 429 Your project has exceeded its monthly spending cap. Please go to AI Studio at https://ai.studio/spend to manage your project spend cap. Learn more at https://ai.google.dev/gemini-api/docs/billing#project-spend-caps. 
[992/1215] Classifying: OPEC SEEKS PLAN TO MONITOR OUTPUT
  -> Failed: 429 Your project has exceeded its monthly spending cap. Please go to AI Studio at https://ai.studio/spend to manage your project spend cap. Learn more at https://ai.google.dev/gemini-api/docs/billing#project-spend-caps. 
[993/1215] Classifying: OPEC'S OPENING TALKS YIELD LITTLE PROGRESS
  -> Failed: 429 Your project has exceeded its monthly spending cap. Please go to AI Studio at https://ai.studio/spend to manage your project spend cap. Learn more at https://ai.google.dev/gemini-api/docs/billing#project-spend-caps. 
[994/1215] Classifying: Keep Prices, OPEC Urged
  -> Failed: 429 Your project has exceeded its monthly spending cap. Please go to AI Studio at https://ai.studio/spend to manage your project spend cap. Learn more at https://ai.google.dev/gemini-api/docs/billing#project-spend-caps. 
[995/1215] Classifying: Oil Prices Are Sharply Lower
  -> Failed: 429 Your project has exceeded its monthly spending cap. Please go to AI Studio at https://ai.studio/spend to manage your project spend cap. Learn more at https://ai.google.dev/gemini-api/docs/billing#project-spend-caps. 
[996/1215] Classifying: OPEC REFINING ALARMS U.S. OILMEN
  -> Failed: 429 Your project has exceeded its monthly spending cap. Please go to AI Studio at https://ai.studio/spend to manage your project spend cap. Learn more at https://ai.google.dev/gemini-api/docs/billing#project-spend-caps. 
[997/1215] Classifying: ; IT'S TIME FOR OPEC TO COME DOWN TO EARTH
  -> Failed: 429 Your project has exceeded its monthly spending cap. Please go to AI Studio at https://ai.studio/spend to manage your project spend cap. Learn more at https://ai.google.dev/gemini-api/docs/billing#project-spend-caps. 
[998/1215] Classifying: U.S. OIL REFINERS IN SQUEEZE
  -> Failed: 429 Your project has exceeded its monthly spending cap. Please go to AI Studio at https://ai.studio/spend to manage your project spend cap. Learn more at https://ai.google.dev/gemini-api/docs/billing#project-spend-caps. 
[999/1215] Classifying: OIL PATCH IS WARY OF MORE PRICE CUTS
  -> Failed: 429 Your project has exceeded its monthly spending cap. Please go to AI Studio at https://ai.studio/spend to manage your project spend cap. Learn more at https://ai.google.dev/gemini-api/docs/billing#project-spend-caps. 
[1000/1215] Classifying: THE TROUBLING ECONOMICS OF OIL
  -> Failed: 429 Your project has exceeded its monthly spending cap. Please go to AI Studio at https://ai.studio/spend to manage your project spend cap. Learn more at https://ai.google.dev/gemini-api/docs/billing#project-spend-caps. 
[1001/1215] Classifying: CANADA ANNOUNCES CUT IN OIL PRICE FOR NOV. 1
  -> Failed: 429 Your project has exceeded its monthly spending cap. Please go to AI Studio at https://ai.studio/spend to manage your project spend cap. Learn more at https://ai.google.dev/gemini-api/docs/billing#project-spend-caps. 
[1002/1215] Classifying: CUTBACKS IN OIL ARE TAKEN UP BY OPEC STATES
  -> Failed: 429 Your project has exceeded its monthly spending cap. Please go to AI Studio at https://ai.studio/spend to manage your project spend cap. Learn more at https://ai.google.dev/gemini-api/docs/billing#project-spend-caps. 
[1003/1215] Classifying: OIL PRICES ARE LITTLE CHANGED
  -> Failed: 429 Your project has exceeded its monthly spending cap. Please go to AI Studio at https://ai.studio/spend to manage your project spend cap. Learn more at https://ai.google.dev/gemini-api/docs/billing#project-spend-caps. 
[1004/1215] Classifying: NIGERIA CUTS PRICE OF OIL IN FIRST RIFT IN OPEC ST
  -> Failed: 429 Your project has exceeded its monthly spending cap. Please go to AI Studio at https://ai.studio/spend to manage your project spend cap. Learn more at https://ai.google.dev/gemini-api/docs/billing#project-spend-caps. 
[1005/1215] Classifying: ABU DHABI WARNS THAT IT MAY CUT OIL PRICE
  -> Failed: 429 Your project has exceeded its monthly spending cap. Please go to AI Studio at https://ai.studio/spend to manage your project spend cap. Learn more at https://ai.google.dev/gemini-api/docs/billing#project-spend-caps. 
[1006/1215] Classifying: OIL INDUSTRY NUMBERS GAME
  -> Failed: 429 Your project has exceeded its monthly spending cap. Please go to AI Studio at https://ai.studio/spend to manage your project spend cap. Learn more at https://ai.google.dev/gemini-api/docs/billing#project-spend-caps. 
[1007/1215] Classifying: 3 REFINERS WILL PAY LESS FOR OIL
  -> Failed: 429 Your project has exceeded its monthly spending cap. Please go to AI Studio at https://ai.studio/spend to manage your project spend cap. Learn more at https://ai.google.dev/gemini-api/docs/billing#project-spend-caps. 
[1008/1215] Classifying: SHIPPERS OFFERED DISCOUNT BY IRAN
  -> Failed: 429 Your project has exceeded its monthly spending cap. Please go to AI Studio at https://ai.studio/spend to manage your project spend cap. Learn more at https://ai.google.dev/gemini-api/docs/billing#project-spend-caps. 
[1009/1215] Classifying: OIL TRADERS FEARFUL OF AN OIL PRICE RISE BY NIGERI
  -> Failed: 429 Your project has exceeded its monthly spending cap. Please go to AI Studio at https://ai.studio/spend to manage your project spend cap. Learn more at https://ai.google.dev/gemini-api/docs/billing#project-spend-caps. 
[1010/1215] Classifying: BRITAIN BRACES FOR NORTH SEA'S EBB
  -> Failed: 429 Your project has exceeded its monthly spending cap. Please go to AI Studio at https://ai.studio/spend to manage your project spend cap. Learn more at https://ai.google.dev/gemini-api/docs/billing#project-spend-caps. 
[1011/1215] Classifying: OIL COMPANIES' PROFITS AND ECONOMICS ARGUED
  -> Failed: 429 Your project has exceeded its monthly spending cap. Please go to AI Studio at https://ai.studio/spend to manage your project spend cap. Learn more at https://ai.google.dev/gemini-api/docs/billing#project-spend-caps. 
[1012/1215] Classifying: Iran Lifts Oil Price 20 Cents, to $27.10 TEHERAN, 
  -> Failed: 429 Your project has exceeded its monthly spending cap. Please go to AI Studio at https://ai.studio/spend to manage your project spend cap. Learn more at https://ai.google.dev/gemini-api/docs/billing#project-spend-caps. 
[1013/1215] Classifying: OIL PRICES STABILIZING IN CALM MARKET
  -> Failed: 429 Your project has exceeded its monthly spending cap. Please go to AI Studio at https://ai.studio/spend to manage your project spend cap. Learn more at https://ai.google.dev/gemini-api/docs/billing#project-spend-caps. 
[1014/1215] Classifying: OIL PRICE CUTS ACCEPTED, BRITISH SAY
  -> Failed: 429 Your project has exceeded its monthly spending cap. Please go to AI Studio at https://ai.studio/spend to manage your project spend cap. Learn more at https://ai.google.dev/gemini-api/docs/billing#project-spend-caps. 
[1015/1215] Classifying: Market Place; Energy Stock Selections
  -> Failed: 429 Your project has exceeded its monthly spending cap. Please go to AI Studio at https://ai.studio/spend to manage your project spend cap. Learn more at https://ai.google.dev/gemini-api/docs/billing#project-spend-caps. 
[1016/1215] Classifying: THE RISE OF OIL'S SPOT MARKET
  -> Failed: 429 Your project has exceeded its monthly spending cap. Please go to AI Studio at https://ai.studio/spend to manage your project spend cap. Learn more at https://ai.google.dev/gemini-api/docs/billing#project-spend-caps. 
[1017/1215] Classifying: Norway Oil Price Cut
  -> Failed: 429 Your project has exceeded its monthly spending cap. Please go to AI Studio at https://ai.studio/spend to manage your project spend cap. Learn more at https://ai.google.dev/gemini-api/docs/billing#project-spend-caps. 
[1018/1215] Classifying: IF OPEC'S PACT FAILS, WE LOSE
  -> Failed: 429 Your project has exceeded its monthly spending cap. Please go to AI Studio at https://ai.studio/spend to manage your project spend cap. Learn more at https://ai.google.dev/gemini-api/docs/billing#project-spend-caps. 
[1019/1215] Classifying: OIL EXPERTS SEE PRICES STABILIZING
  -> Failed: 429 Your project has exceeded its monthly spending cap. Please go to AI Studio at https://ai.studio/spend to manage your project spend cap. Learn more at https://ai.google.dev/gemini-api/docs/billing#project-spend-caps. 
[1020/1215] Classifying: BRITISH SEE MINOR CUT IN OIL PRICE
  -> Failed: 429 Your project has exceeded its monthly spending cap. Please go to AI Studio at https://ai.studio/spend to manage your project spend cap. Learn more at https://ai.google.dev/gemini-api/docs/billing#project-spend-caps. 
[1021/1215] Classifying: OPEC BARD; AN OIL MINISTER'S POEM STOLE THE SHOW
  -> Failed: 429 Your project has exceeded its monthly spending cap. Please go to AI Studio at https://ai.studio/spend to manage your project spend cap. Learn more at https://ai.google.dev/gemini-api/docs/billing#project-spend-caps. 
[1022/1215] Classifying: U.S. EVALUATES BENEFITS OF PRICE CUT BY OPEC
  -> Failed: 429 Your project has exceeded its monthly spending cap. Please go to AI Studio at https://ai.studio/spend to manage your project spend cap. Learn more at https://ai.google.dev/gemini-api/docs/billing#project-spend-caps. 
[1023/1215] Classifying: OPEC CUT FAILS TO WIN ENTHUSIASM OF BUYERS
  -> Failed: 429 Your project has exceeded its monthly spending cap. Please go to AI Studio at https://ai.studio/spend to manage your project spend cap. Learn more at https://ai.google.dev/gemini-api/docs/billing#project-spend-caps. 
[1024/1215] Classifying: VENEZUELA QUOTA CALLED OPEC SNAG
  -> Failed: 429 Your project has exceeded its monthly spending cap. Please go to AI Studio at https://ai.studio/spend to manage your project spend cap. Learn more at https://ai.google.dev/gemini-api/docs/billing#project-spend-caps. 
[1025/1215] Classifying: A SOVIET PUSH ON OIL EXPORTS
  -> Failed: 429 Your project has exceeded its monthly spending cap. Please go to AI Studio at https://ai.studio/spend to manage your project spend cap. Learn more at https://ai.google.dev/gemini-api/docs/billing#project-spend-caps. 
[1026/1215] Classifying: Economic Scene; OPEC Failing As Cartel
  -> Failed: 429 Your project has exceeded its monthly spending cap. Please go to AI Studio at https://ai.studio/spend to manage your project spend cap. Learn more at https://ai.google.dev/gemini-api/docs/billing#project-spend-caps. 
[1027/1215] Classifying: Market Place; Oil-Related Stocks Viewed
  -> Failed: 429 Your project has exceeded its monthly spending cap. Please go to AI Studio at https://ai.studio/spend to manage your project spend cap. Learn more at https://ai.google.dev/gemini-api/docs/billing#project-spend-caps. 
[1028/1215] Classifying: OIL HUNT AT TOP OF THE WORLD
  -> Failed: 429 Your project has exceeded its monthly spending cap. Please go to AI Studio at https://ai.studio/spend to manage your project spend cap. Learn more at https://ai.google.dev/gemini-api/docs/billing#project-spend-caps. 
[1029/1215] Classifying: OIL EXPORTERS CONTINUE TALKS
  -> Failed: 429 Your project has exceeded its monthly spending cap. Please go to AI Studio at https://ai.studio/spend to manage your project spend cap. Learn more at https://ai.google.dev/gemini-api/docs/billing#project-spend-caps. 
[1030/1215] Classifying: PRODUCTION NOW FOCUS OF OPEC
  -> Failed: 429 Your project has exceeded its monthly spending cap. Please go to AI Studio at https://ai.studio/spend to manage your project spend cap. Learn more at https://ai.google.dev/gemini-api/docs/billing#project-spend-caps. 
[1031/1215] Classifying: OPEC SEEKS TO SETTLE A DISPUTE ON OUTPUT CEILINGS
  -> Failed: 429 Your project has exceeded its monthly spending cap. Please go to AI Studio at https://ai.studio/spend to manage your project spend cap. Learn more at https://ai.google.dev/gemini-api/docs/billing#project-spend-caps. 
[1032/1215] Classifying: ANALYSTS SAY OPEC OIL PRICE WILL DECLINE FURTHER
  -> Failed: 429 Your project has exceeded its monthly spending cap. Please go to AI Studio at https://ai.studio/spend to manage your project spend cap. Learn more at https://ai.google.dev/gemini-api/docs/billing#project-spend-caps. 
[1033/1215] Classifying: OPEC to Focus on Production
  -> Failed: 429 Your project has exceeded its monthly spending cap. Please go to AI Studio at https://ai.studio/spend to manage your project spend cap. Learn more at https://ai.google.dev/gemini-api/docs/billing#project-spend-caps. 
[1034/1215] Classifying: SOHIO ALASKA OIL PRICE $2-$3
  -> Failed: 429 Your project has exceeded its monthly spending cap. Please go to AI Studio at https://ai.studio/spend to manage your project spend cap. Learn more at https://ai.google.dev/gemini-api/docs/billing#project-spend-caps. 
[1035/1215] Classifying: WISHFUL THINKINNG ON THE SPOT MARKET
  -> Failed: 429 Your project has exceeded its monthly spending cap. Please go to AI Studio at https://ai.studio/spend to manage your project spend cap. Learn more at https://ai.google.dev/gemini-api/docs/billing#project-spend-caps. 
[1036/1215] Classifying: Spot Oil Price Holds Steady
  -> Failed: 429 Your project has exceeded its monthly spending cap. Please go to AI Studio at https://ai.studio/spend to manage your project spend cap. Learn more at https://ai.google.dev/gemini-api/docs/billing#project-spend-caps. 
[1037/1215] Classifying: THE VERY MIXED BLESSINGS OF PURE LIQUID GOLD
  -> Failed: 429 Your project has exceeded its monthly spending cap. Please go to AI Studio at https://ai.studio/spend to manage your project spend cap. Learn more at https://ai.google.dev/gemini-api/docs/billing#project-spend-caps. 
[1038/1215] Classifying: Investing; A MEASURED ENTHUSIASM FOR OIL STOCKS
  -> Failed: 429 Your project has exceeded its monthly spending cap. Please go to AI Studio at https://ai.studio/spend to manage your project spend cap. Learn more at https://ai.google.dev/gemini-api/docs/billing#project-spend-caps. 
[1039/1215] Classifying: OUR TAXES HELP PAY THE SAUDI 'RANSOM'
  -> Failed: 429 Your project has exceeded its monthly spending cap. Please go to AI Studio at https://ai.studio/spend to manage your project spend cap. Learn more at https://ai.google.dev/gemini-api/docs/billing#project-spend-caps. 
[1040/1215] Classifying: TENSIONS ARE EASING FOR OPEC
  -> Failed: 429 Your project has exceeded its monthly spending cap. Please go to AI Studio at https://ai.studio/spend to manage your project spend cap. Learn more at https://ai.google.dev/gemini-api/docs/billing#project-spend-caps. 
[1041/1215] Classifying: THE NIGERIAN OIL PRICE BATTLE; News Analysis
  -> Failed: 429 Your project has exceeded its monthly spending cap. Please go to AI Studio at https://ai.studio/spend to manage your project spend cap. Learn more at https://ai.google.dev/gemini-api/docs/billing#project-spend-caps. 
[1042/1215] Classifying: Editorial: Far away, forgotten and now filched | F
  -> Failed: 429 Your project has exceeded its monthly spending cap. Please go to AI Studio at https://ai.studio/spend to manage your project spend cap. Learn more at https://ai.google.dev/gemini-api/docs/billing#project-spend-caps. 
[1043/1215] Classifying: U.S. OIL RUSH BEGINS TO SLOW
  -> Failed: 429 Your project has exceeded its monthly spending cap. Please go to AI Studio at https://ai.studio/spend to manage your project spend cap. Learn more at https://ai.google.dev/gemini-api/docs/billing#project-spend-caps. 
[1044/1215] Classifying: THE DARK SIDE OF THE OIL GLUT
  -> Failed: 429 Your project has exceeded its monthly spending cap. Please go to AI Studio at https://ai.studio/spend to manage your project spend cap. Learn more at https://ai.google.dev/gemini-api/docs/billing#project-spend-caps. 
[1045/1215] Classifying: Economic Affairs;
QUICK, PUT A TAX ON OPEC'S OIL
  -> Failed: 429 Your project has exceeded its monthly spending cap. Please go to AI Studio at https://ai.studio/spend to manage your project spend cap. Learn more at https://ai.google.dev/gemini-api/docs/billing#project-spend-caps. 
[1046/1215] Classifying: ARAB OIL MEETING SET
  -> Failed: 429 Your project has exceeded its monthly spending cap. Please go to AI Studio at https://ai.studio/spend to manage your project spend cap. Learn more at https://ai.google.dev/gemini-api/docs/billing#project-spend-caps. 
[1047/1215] Classifying: OPEC SETS REVIEW OF OIL MARKET
  -> Failed: 429 Your project has exceeded its monthly spending cap. Please go to AI Studio at https://ai.studio/spend to manage your project spend cap. Learn more at https://ai.google.dev/gemini-api/docs/billing#project-spend-caps. 
[1048/1215] Classifying: BRITISH REDUCE THEIR OIL PRICE BY $4 A BARREL
  -> Failed: 429 Your project has exceeded its monthly spending cap. Please go to AI Studio at https://ai.studio/spend to manage your project spend cap. Learn more at https://ai.google.dev/gemini-api/docs/billing#project-spend-caps. 
[1049/1215] Classifying: Mexico Cuts Its Oil Prices By Up to $2.50
  -> Failed: 429 Your project has exceeded its monthly spending cap. Please go to AI Studio at https://ai.studio/spend to manage your project spend cap. Learn more at https://ai.google.dev/gemini-api/docs/billing#project-spend-caps. 
[1050/1215] Classifying: IRAN IS SAID TO CUT OIL PRICES IN WIDER BREACH WIT
  -> Failed: 429 Your project has exceeded its monthly spending cap. Please go to AI Studio at https://ai.studio/spend to manage your project spend cap. Learn more at https://ai.google.dev/gemini-api/docs/billing#project-spend-caps. 
[1051/1215] Classifying: SLIPPAGE IN OIL PRICE IS POSSIBLE
  -> Failed: 429 Your project has exceeded its monthly spending cap. Please go to AI Studio at https://ai.studio/spend to manage your project spend cap. Learn more at https://ai.google.dev/gemini-api/docs/billing#project-spend-caps. 
[1052/1215] Classifying: Oil Price Cut By Iraq Cited
  -> Failed: 429 Your project has exceeded its monthly spending cap. Please go to AI Studio at https://ai.studio/spend to manage your project spend cap. Learn more at https://ai.google.dev/gemini-api/docs/billing#project-spend-caps. 
[1053/1215] Classifying: Kuwait Sets Oil Price Cut
  -> Failed: 429 Your project has exceeded its monthly spending cap. Please go to AI Studio at https://ai.studio/spend to manage your project spend cap. Learn more at https://ai.google.dev/gemini-api/docs/billing#project-spend-caps. 
[1054/1215] Classifying: No Headline
  -> Failed: 429 Your project has exceeded its monthly spending cap. Please go to AI Studio at https://ai.studio/spend to manage your project spend cap. Learn more at https://ai.google.dev/gemini-api/docs/billing#project-spend-caps. 
[1055/1215] Classifying: OPEC'S NEW UNITY: HOW DURABLE IS IT?; News Analysi
  -> Failed: 429 Your project has exceeded its monthly spending cap. Please go to AI Studio at https://ai.studio/spend to manage your project spend cap. Learn more at https://ai.google.dev/gemini-api/docs/billing#project-spend-caps. 
[1056/1215] Classifying: Mexico Raises Oil Price by $1
  -> Failed: 429 Your project has exceeded its monthly spending cap. Please go to AI Studio at https://ai.studio/spend to manage your project spend cap. Learn more at https://ai.google.dev/gemini-api/docs/billing#project-spend-caps. 
[1057/1215] Classifying: OPEC MEMBERS UNITE TO FREEZE OIL PRICE AT $34
  -> Failed: 429 Your project has exceeded its monthly spending cap. Please go to AI Studio at https://ai.studio/spend to manage your project spend cap. Learn more at https://ai.google.dev/gemini-api/docs/billing#project-spend-caps. 
[1058/1215] Classifying: EARLY OPEC PRICE ACCORD PREDICTED
  -> Failed: 429 Your project has exceeded its monthly spending cap. Please go to AI Studio at https://ai.studio/spend to manage your project spend cap. Learn more at https://ai.google.dev/gemini-api/docs/billing#project-spend-caps. 
[1059/1215] Classifying: NIGERIA SAID TO CUT OIL PRICE
  -> Failed: 429 Your project has exceeded its monthly spending cap. Please go to AI Studio at https://ai.studio/spend to manage your project spend cap. Learn more at https://ai.google.dev/gemini-api/docs/billing#project-spend-caps. 
[1060/1215] Classifying: WEINBERGER SAYS SAUDI ARMS SALE WOULD HELP ALL MID
  -> Failed: 429 Your project has exceeded its monthly spending cap. Please go to AI Studio at https://ai.studio/spend to manage your project spend cap. Learn more at https://ai.google.dev/gemini-api/docs/billing#project-spend-caps. 
[1061/1215] Classifying: HEATING OIL PRICE MAY SLOW ITS RISE
  -> Failed: 429 Your project has exceeded its monthly spending cap. Please go to AI Studio at https://ai.studio/spend to manage your project spend cap. Learn more at https://ai.google.dev/gemini-api/docs/billing#project-spend-caps. 
[1062/1215] Classifying: OIL COMPANIES REDUCE INVENTORIES
  -> Failed: 429 Your project has exceeded its monthly spending cap. Please go to AI Studio at https://ai.studio/spend to manage your project spend cap. Learn more at https://ai.google.dev/gemini-api/docs/billing#project-spend-caps. 
[1063/1215] Classifying: Index; International
  -> Failed: 429 Your project has exceeded its monthly spending cap. Please go to AI Studio at https://ai.studio/spend to manage your project spend cap. Learn more at https://ai.google.dev/gemini-api/docs/billing#project-spend-caps. 
[1064/1215] Classifying: OPEC IS SAID TO NEGOIATE ON A UNIFIED PRICE
  -> Failed: 429 Your project has exceeded its monthly spending cap. Please go to AI Studio at https://ai.studio/spend to manage your project spend cap. Learn more at https://ai.google.dev/gemini-api/docs/billing#project-spend-caps. 
[1065/1215] Classifying: Oil Price Cut By Indonesia
  -> Failed: 429 Your project has exceeded its monthly spending cap. Please go to AI Studio at https://ai.studio/spend to manage your project spend cap. Learn more at https://ai.google.dev/gemini-api/docs/billing#project-spend-caps. 
[1066/1215] Classifying: OPEC'S PRICING BATTLE: SAUDIS SHIFT TO THREATS; Ne
  -> Failed: 429 Your project has exceeded its monthly spending cap. Please go to AI Studio at https://ai.studio/spend to manage your project spend cap. Learn more at https://ai.google.dev/gemini-api/docs/billing#project-spend-caps. 
[1067/1215] Classifying: ECONOMIC GAINS TIED TO ENDING OIL PRICE CURBS
  -> Failed: 429 Your project has exceeded its monthly spending cap. Please go to AI Studio at https://ai.studio/spend to manage your project spend cap. Learn more at https://ai.google.dev/gemini-api/docs/billing#project-spend-caps. 
[1068/1215] Classifying: NIGERIA REDUCES CRUDE OIL PRICE BY $4 A BARREL
  -> Failed: 429 Your project has exceeded its monthly spending cap. Please go to AI Studio at https://ai.studio/spend to manage your project spend cap. Learn more at https://ai.google.dev/gemini-api/docs/billing#project-spend-caps. 
[1069/1215] Classifying: BRITISH OIL: TO PUMP, OR NOT TO?; LONDON THIS year
  -> Failed: 429 Your project has exceeded its monthly spending cap. Please go to AI Studio at https://ai.studio/spend to manage your project spend cap. Learn more at https://ai.google.dev/gemini-api/docs/billing#project-spend-caps. 
[1070/1215] Classifying: OPEC NATIONS FAIL TO HEAL THEIR RIFT OVER PRICE OF
  -> Failed: 429 Your project has exceeded its monthly spending cap. Please go to AI Studio at https://ai.studio/spend to manage your project spend cap. Learn more at https://ai.google.dev/gemini-api/docs/billing#project-spend-caps. 
[1071/1215] Classifying: Venezuela, Mexico Oil Prices Up; Two Raise Crude P
  -> Failed: 429 Your project has exceeded its monthly spending cap. Please go to AI Studio at https://ai.studio/spend to manage your project spend cap. Learn more at https://ai.google.dev/gemini-api/docs/billing#project-spend-caps. 
[1072/1215] Classifying: Oil Stocks Help Lift Dow 10.41; Energy Fervor Foll
  -> Failed: 429 Your project has exceeded its monthly spending cap. Please go to AI Studio at https://ai.studio/spend to manage your project spend cap. Learn more at https://ai.google.dev/gemini-api/docs/billing#project-spend-caps. 
[1073/1215] Classifying: OPEC MEETING ENDS WITH SIGN OF ACCORD ON $2-TO-$3 
  -> Failed: 429 Your project has exceeded its monthly spending cap. Please go to AI Studio at https://ai.studio/spend to manage your project spend cap. Learn more at https://ai.google.dev/gemini-api/docs/billing#project-spend-caps. 
[1074/1215] Classifying: Yamani's Optimism on Oil Price; Seeking Restraint 
  -> Failed: 429 Your project has exceeded its monthly spending cap. Please go to AI Studio at https://ai.studio/spend to manage your project spend cap. Learn more at https://ai.google.dev/gemini-api/docs/billing#project-spend-caps. 
[1075/1215] Classifying: Indonesia and Venezuela Expected to Lift Oil Price
  -> Failed: 429 Your project has exceeded its monthly spending cap. Please go to AI Studio at https://ai.studio/spend to manage your project spend cap. Learn more at https://ai.google.dev/gemini-api/docs/billing#project-spend-caps. 
[1076/1215] Classifying: OPEC Says Its Meeting On Prices Will Be Held; Conf
  -> Failed: 429 Your project has exceeded its monthly spending cap. Please go to AI Studio at https://ai.studio/spend to manage your project spend cap. Learn more at https://ai.google.dev/gemini-api/docs/billing#project-spend-caps. 
[1077/1215] Classifying: Spot Oil Price Up on War News; Refined Items Repor
  -> Failed: 429 Your project has exceeded its monthly spending cap. Please go to AI Studio at https://ai.studio/spend to manage your project spend cap. Learn more at https://ai.google.dev/gemini-api/docs/billing#project-spend-caps. 
[1078/1215] Classifying: OPEC OIL MINISTERS AT ODDS ON PRICING AND OIL PROD
  -> Failed: 429 Your project has exceeded its monthly spending cap. Please go to AI Studio at https://ai.studio/spend to manage your project spend cap. Learn more at https://ai.google.dev/gemini-api/docs/billing#project-spend-caps. 
[1079/1215] Classifying: Oil Nations Criticized By Muskie at Opening Of U.N
  -> Failed: 429 Your project has exceeded its monthly spending cap. Please go to AI Studio at https://ai.studio/spend to manage your project spend cap. Learn more at https://ai.google.dev/gemini-api/docs/billing#project-spend-caps. 
[1080/1215] Classifying: Spot Oil Price Dips Below $30; Lower Gas Prices Se
  -> Failed: 429 Your project has exceeded its monthly spending cap. Please go to AI Studio at https://ai.studio/spend to manage your project spend cap. Learn more at https://ai.google.dev/gemini-api/docs/billing#project-spend-caps. 
[1081/1215] Classifying: Reports On U.S. Oil Companies; Concerns Said To Ai
  -> Failed: 429 Your project has exceeded its monthly spending cap. Please go to AI Studio at https://ai.studio/spend to manage your project spend cap. Learn more at https://ai.google.dev/gemini-api/docs/billing#project-spend-caps. 
[1082/1215] Classifying: U.S. Pledge on Oil Curb Fulfilled; Import Limit Se
  -> Failed: 429 Your project has exceeded its monthly spending cap. Please go to AI Studio at https://ai.studio/spend to manage your project spend cap. Learn more at https://ai.google.dev/gemini-api/docs/billing#project-spend-caps. 
[1083/1215] Classifying: Common Market Assails OPEC Over Continued Price In
  -> Failed: 429 Your project has exceeded its monthly spending cap. Please go to AI Studio at https://ai.studio/spend to manage your project spend cap. Learn more at https://ai.google.dev/gemini-api/docs/billing#project-spend-caps. 
[1084/1215] Classifying: OPEC Head Pessimistic On Pricing; 'Others Might Ha
  -> Failed: 429 Your project has exceeded its monthly spending cap. Please go to AI Studio at https://ai.studio/spend to manage your project spend cap. Learn more at https://ai.google.dev/gemini-api/docs/billing#project-spend-caps. 
[1085/1215] Classifying: Saudis Increase Crude Oil Price; Some Gas May Rise
  -> Failed: 429 Your project has exceeded its monthly spending cap. Please go to AI Studio at https://ai.studio/spend to manage your project spend cap. Learn more at https://ai.google.dev/gemini-api/docs/billing#project-spend-caps. 
[1086/1215] Classifying: PRODUCER PRICE RISE CUT TO 0.5% IN APRIL; COST OF 
  -> Failed: 429 Your project has exceeded its monthly spending cap. Please go to AI Studio at https://ai.studio/spend to manage your project spend cap. Learn more at https://ai.google.dev/gemini-api/docs/billing#project-spend-caps. 
[1087/1215] Classifying: Slower Oil Price Rises Expected; Analysts Cite A D
  -> Failed: 429 Your project has exceeded its monthly spending cap. Please go to AI Studio at https://ai.studio/spend to manage your project spend cap. Learn more at https://ai.google.dev/gemini-api/docs/billing#project-spend-caps. 
[1088/1215] Classifying: Yamani Predicts Oil Price Relief; But Warns U.S. O
  -> Failed: 429 Your project has exceeded its monthly spending cap. Please go to AI Studio at https://ai.studio/spend to manage your project spend cap. Learn more at https://ai.google.dev/gemini-api/docs/billing#project-spend-caps. 
[1089/1215] Classifying: Excerpts From Economic Report; Reducing Inflation 
  -> Failed: 429 Your project has exceeded its monthly spending cap. Please go to AI Studio at https://ai.studio/spend to manage your project spend cap. Learn more at https://ai.google.dev/gemini-api/docs/billing#project-spend-caps. 
[1090/1215] Classifying: PRESIDENT PRESENTS A GLOOMY OUTLOOK FOR ECONOMY IN
  -> Failed: 429 Your project has exceeded its monthly spending cap. Please go to AI Studio at https://ai.studio/spend to manage your project spend cap. Learn more at https://ai.google.dev/gemini-api/docs/billing#project-spend-caps. 
[1091/1215] Classifying: THE THREATENING ECONOMY
  -> Failed: 429 Your project has exceeded its monthly spending cap. Please go to AI Studio at https://ai.studio/spend to manage your project spend cap. Learn more at https://ai.google.dev/gemini-api/docs/billing#project-spend-caps. 
[1092/1215] Classifying: The World
  -> Failed: 429 Your project has exceeded its monthly spending cap. Please go to AI Studio at https://ai.studio/spend to manage your project spend cap. Learn more at https://ai.google.dev/gemini-api/docs/billing#project-spend-caps. 
[1093/1215] Classifying: Venezuela Reported Ready to Raise Oil Cost by Up t
  -> Failed: 429 Your project has exceeded its monthly spending cap. Please go to AI Studio at https://ai.studio/spend to manage your project spend cap. Learn more at https://ai.google.dev/gemini-api/docs/billing#project-spend-caps. 
[1094/1215] Classifying: BUSINESS Digest
  -> Failed: 429 Your project has exceeded its monthly spending cap. Please go to AI Studio at https://ai.studio/spend to manage your project spend cap. Learn more at https://ai.google.dev/gemini-api/docs/billing#project-spend-caps. 
[1095/1215] Classifying: CREDIT MARKETS
  -> Failed: 429 Your project has exceeded its monthly spending cap. Please go to AI Studio at https://ai.studio/spend to manage your project spend cap. Learn more at https://ai.google.dev/gemini-api/docs/billing#project-spend-caps. 
[1096/1215] Classifying: Consumers’ Oil Cartel Proposed
  -> Failed: 429 Your project has exceeded its monthly spending cap. Please go to AI Studio at https://ai.studio/spend to manage your project spend cap. Learn more at https://ai.google.dev/gemini-api/docs/billing#project-spend-caps. 
[1097/1215] Classifying: Kennedy Says Carter Energy Policy Tempts Foreign O
  -> Failed: 429 Your project has exceeded its monthly spending cap. Please go to AI Studio at https://ai.studio/spend to manage your project spend cap. Learn more at https://ai.google.dev/gemini-api/docs/billing#project-spend-caps. 
[1098/1215] Classifying: CARTER SAID TO BAR AN OIL IMPORT FEE
  -> Failed: 429 Your project has exceeded its monthly spending cap. Please go to AI Studio at https://ai.studio/spend to manage your project spend cap. Learn more at https://ai.google.dev/gemini-api/docs/billing#project-spend-caps. 
[1099/1215] Classifying: OPEC'S BOARD URGES KEY CHARGE BE KEPT AT $24‐$25 A
  -> Failed: 429 Your project has exceeded its monthly spending cap. Please go to AI Studio at https://ai.studio/spend to manage your project spend cap. Learn more at https://ai.google.dev/gemini-api/docs/billing#project-spend-caps. 
[1100/1215] Classifying: ‘WINDFALL’ OIL TAX RAISING $178 BILLION IS VOTED B
  -> Failed: 429 Your project has exceeded its monthly spending cap. Please go to AI Studio at https://ai.studio/spend to manage your project spend cap. Learn more at https://ai.google.dev/gemini-api/docs/billing#project-spend-caps. 
[1101/1215] Classifying: 2 Refiners Lift Gas Price 6¢
  -> Failed: 429 Your project has exceeded its monthly spending cap. Please go to AI Studio at https://ai.studio/spend to manage your project spend cap. Learn more at https://ai.google.dev/gemini-api/docs/billing#project-spend-caps. 
[1102/1215] Classifying: Computing Impact Of Oil Price Rise
  -> Failed: 429 Your project has exceeded its monthly spending cap. Please go to AI Studio at https://ai.studio/spend to manage your project spend cap. Learn more at https://ai.google.dev/gemini-api/docs/billing#project-spend-caps. 
[1103/1215] Classifying: LIBYA, KEY SUPPLIER FOR U.S., INCREASES PRICE OF O
  -> Failed: 429 Your project has exceeded its monthly spending cap. Please go to AI Studio at https://ai.studio/spend to manage your project spend cap. Learn more at https://ai.google.dev/gemini-api/docs/billing#project-spend-caps. 
[1104/1215] Classifying: Saudi‐U.S. Relations: New Test Over Oil Costs News
  -> Failed: 429 Your project has exceeded its monthly spending cap. Please go to AI Studio at https://ai.studio/spend to manage your project spend cap. Learn more at https://ai.google.dev/gemini-api/docs/billing#project-spend-caps. 
[1105/1215] Classifying: Economic Scene; Consequences Of Iran Conflict
  -> Failed: 429 Your project has exceeded its monthly spending cap. Please go to AI Studio at https://ai.studio/spend to manage your project spend cap. Learn more at https://ai.google.dev/gemini-api/docs/billing#project-spend-caps. 
[1106/1215] Classifying: Big Oil Price Increase. Because of Iran Cutoff Reg
  -> Failed: 429 Your project has exceeded its monthly spending cap. Please go to AI Studio at https://ai.studio/spend to manage your project spend cap. Learn more at https://ai.google.dev/gemini-api/docs/billing#project-spend-caps. 
[1107/1215] Classifying: Kuwait Said to Plan Oil Price Rise of 7.3%
  -> Failed: 429 Your project has exceeded its monthly spending cap. Please go to AI Studio at https://ai.studio/spend to manage your project spend cap. Learn more at https://ai.google.dev/gemini-api/docs/billing#project-spend-caps. 
[1108/1215] Classifying: ABROAD AT HOME The Energy Disaster: III
  -> Failed: 429 Your project has exceeded its monthly spending cap. Please go to AI Studio at https://ai.studio/spend to manage your project spend cap. Learn more at https://ai.google.dev/gemini-api/docs/billing#project-spend-caps. 
[1109/1215] Classifying: Iran Calls For Parley On Oil Price
  -> Failed: 429 Your project has exceeded its monthly spending cap. Please go to AI Studio at https://ai.studio/spend to manage your project spend cap. Learn more at https://ai.google.dev/gemini-api/docs/billing#project-spend-caps. 
[1110/1215] Classifying: THE CASE AGAINST THE OIL COMPANIES
  -> Failed: 429 Your project has exceeded its monthly spending cap. Please go to AI Studio at https://ai.studio/spend to manage your project spend cap. Learn more at https://ai.google.dev/gemini-api/docs/billing#project-spend-caps. 
[1111/1215] Classifying: Letters
  -> Failed: 429 Your project has exceeded its monthly spending cap. Please go to AI Studio at https://ai.studio/spend to manage your project spend cap. Learn more at https://ai.google.dev/gemini-api/docs/billing#project-spend-caps. 
[1112/1215] Classifying: THE ECONOMIC SCENE
  -> Failed: 429 Your project has exceeded its monthly spending cap. Please go to AI Studio at https://ai.studio/spend to manage your project spend cap. Learn more at https://ai.google.dev/gemini-api/docs/billing#project-spend-caps. 
[1113/1215] Classifying: Surprise Oil Price Increase Threatens Anti‐Inflati
  -> Failed: 429 Your project has exceeded its monthly spending cap. Please go to AI Studio at https://ai.studio/spend to manage your project spend cap. Learn more at https://ai.google.dev/gemini-api/docs/billing#project-spend-caps. 
[1114/1215] Classifying: POINT OF VIEW
  -> Failed: 429 Your project has exceeded its monthly spending cap. Please go to AI Studio at https://ai.studio/spend to manage your project spend cap. Learn more at https://ai.google.dev/gemini-api/docs/billing#project-spend-caps. 
[1115/1215] Classifying: Oil Price Rise Cuts Two Ways
  -> Failed: 429 Your project has exceeded its monthly spending cap. Please go to AI Studio at https://ai.studio/spend to manage your project spend cap. Learn more at https://ai.google.dev/gemini-api/docs/billing#project-spend-caps. 
[1116/1215] Classifying: CURRENCY MARKETS
  -> Failed: 429 Your project has exceeded its monthly spending cap. Please go to AI Studio at https://ai.studio/spend to manage your project spend cap. Learn more at https://ai.google.dev/gemini-api/docs/billing#project-spend-caps. 
[1117/1215] Classifying: Economic Scene
  -> Failed: 429 Your project has exceeded its monthly spending cap. Please go to AI Studio at https://ai.studio/spend to manage your project spend cap. Learn more at https://ai.google.dev/gemini-api/docs/billing#project-spend-caps. 
[1118/1215] Classifying: From the archive: Europe shudders as oil prices ri
  -> Failed: 429 Your project has exceeded its monthly spending cap. Please go to AI Studio at https://ai.studio/spend to manage your project spend cap. Learn more at https://ai.google.dev/gemini-api/docs/billing#project-spend-caps. 
[1119/1215] Classifying: Letting OPEC Make Energy Policy
  -> Failed: 429 Your project has exceeded its monthly spending cap. Please go to AI Studio at https://ai.studio/spend to manage your project spend cap. Learn more at https://ai.google.dev/gemini-api/docs/billing#project-spend-caps. 
[1120/1215] Classifying: ECONOMISTS EXPECT OPEC RISE TO WIDEN U.S. RECESSIO
  -> Failed: 429 Your project has exceeded its monthly spending cap. Please go to AI Studio at https://ai.studio/spend to manage your project spend cap. Learn more at https://ai.google.dev/gemini-api/docs/billing#project-spend-caps. 
[1121/1215] Classifying: The World
  -> Failed: 429 Your project has exceeded its monthly spending cap. Please go to AI Studio at https://ai.studio/spend to manage your project spend cap. Learn more at https://ai.google.dev/gemini-api/docs/billing#project-spend-caps. 
[1122/1215] Classifying: Saudis to Seek Oil Price Freeze, But Hint OPEC Wil
  -> Failed: 429 Your project has exceeded its monthly spending cap. Please go to AI Studio at https://ai.studio/spend to manage your project spend cap. Learn more at https://ai.google.dev/gemini-api/docs/billing#project-spend-caps. 
[1123/1215] Classifying: LETTERS
  -> Failed: 429 Your project has exceeded its monthly spending cap. Please go to AI Studio at https://ai.studio/spend to manage your project spend cap. Learn more at https://ai.google.dev/gemini-api/docs/billing#project-spend-caps. 
[1124/1215] Classifying: Dollar Firms on Oil Price Freeze
  -> Failed: 429 Your project has exceeded its monthly spending cap. Please go to AI Studio at https://ai.studio/spend to manage your project spend cap. Learn more at https://ai.google.dev/gemini-api/docs/billing#project-spend-caps. 
[1125/1215] Classifying: For Oil Pricing, a Basket Of Currencies in Offing?
  -> Failed: 429 Your project has exceeded its monthly spending cap. Please go to AI Studio at https://ai.studio/spend to manage your project spend cap. Learn more at https://ai.google.dev/gemini-api/docs/billing#project-spend-caps. 
[1126/1215] Classifying: 5 in OPEC to Meet On Crude‐Oil Price
  -> Failed: 429 Your project has exceeded its monthly spending cap. Please go to AI Studio at https://ai.studio/spend to manage your project spend cap. Learn more at https://ai.google.dev/gemini-api/docs/billing#project-spend-caps. 
[1127/1215] Classifying: Weaker OPEC Is Worried Over Disunity
  -> Failed: 429 Your project has exceeded its monthly spending cap. Please go to AI Studio at https://ai.studio/spend to manage your project spend cap. Learn more at https://ai.google.dev/gemini-api/docs/billing#project-spend-caps. 
[1128/1215] Classifying: OPEC SAYS OIL PRICES WILL NOT BE RAISED FOR THE TI
  -> Failed: 429 Your project has exceeded its monthly spending cap. Please go to AI Studio at https://ai.studio/spend to manage your project spend cap. Learn more at https://ai.google.dev/gemini-api/docs/billing#project-spend-caps. 
[1129/1215] Classifying: OPEC SAYS OIL PRICES WILL NOT BE RAISED FOR THE TI
  -> Failed: 429 Your project has exceeded its monthly spending cap. Please go to AI Studio at https://ai.studio/spend to manage your project spend cap. Learn more at https://ai.google.dev/gemini-api/docs/billing#project-spend-caps. 
[1130/1215] Classifying: Yamani Reported to SayThat Saudis Will SeekOil Pri
  -> Failed: 429 Your project has exceeded its monthly spending cap. Please go to AI Studio at https://ai.studio/spend to manage your project spend cap. Learn more at https://ai.google.dev/gemini-api/docs/billing#project-spend-caps. 
[1131/1215] Classifying: Vance Says Venezuela Is Rejecting Requests for a F
  -> Failed: 429 Your project has exceeded its monthly spending cap. Please go to AI Studio at https://ai.studio/spend to manage your project spend cap. Learn more at https://ai.google.dev/gemini-api/docs/billing#project-spend-caps. 
[1132/1215] Classifying: Iran Emerging as Major Alternative In Eastern Euro
  -> Failed: 429 Your project has exceeded its monthly spending cap. Please go to AI Studio at https://ai.studio/spend to manage your project spend cap. Learn more at https://ai.google.dev/gemini-api/docs/billing#project-spend-caps. 
[1133/1215] Classifying: 15% OPEC PRICE RISE URGED BY ALGERIAN
  -> Failed: 429 Your project has exceeded its monthly spending cap. Please go to AI Studio at https://ai.studio/spend to manage your project spend cap. Learn more at https://ai.google.dev/gemini-api/docs/billing#project-spend-caps. 
[1134/1215] Classifying: ‘Oil‐Price Rise’—Critics Pan It but Drama Plays On
  -> Failed: 429 Your project has exceeded its monthly spending cap. Please go to AI Studio at https://ai.studio/spend to manage your project spend cap. Learn more at https://ai.google.dev/gemini-api/docs/billing#project-spend-caps. 
[1135/1215] Classifying: IN BRIEF
  -> Failed: 429 Your project has exceeded its monthly spending cap. Please go to AI Studio at https://ai.studio/spend to manage your project spend cap. Learn more at https://ai.google.dev/gemini-api/docs/billing#project-spend-caps. 
[1136/1215] Classifying: Iraq Is Passing Up 5% Rise in Oil Price
  -> Failed: 429 Your project has exceeded its monthly spending cap. Please go to AI Studio at https://ai.studio/spend to manage your project spend cap. Learn more at https://ai.google.dev/gemini-api/docs/billing#project-spend-caps. 
[1137/1215] Classifying: 9 in OPEC Drop Planned 5% Rise For Price of Oil
  -> Failed: 429 Your project has exceeded its monthly spending cap. Please go to AI Studio at https://ai.studio/spend to manage your project spend cap. Learn more at https://ai.google.dev/gemini-api/docs/billing#project-spend-caps. 
[1138/1215] Classifying: 9 in OPEC Drop Planned 5% Rise For Price of Oil
  -> Failed: 429 Your project has exceeded its monthly spending cap. Please go to AI Studio at https://ai.studio/spend to manage your project spend cap. Learn more at https://ai.google.dev/gemini-api/docs/billing#project-spend-caps. 
[1139/1215] Classifying: Reports of End of Pricing Split In OPEC Confirmed 
  -> Failed: 429 Your project has exceeded its monthly spending cap. Please go to AI Studio at https://ai.studio/spend to manage your project spend cap. Learn more at https://ai.google.dev/gemini-api/docs/billing#project-spend-caps. 
[1140/1215] Classifying: Sharing the Higher Profits From Oil
  -> Failed: 429 Your project has exceeded its monthly spending cap. Please go to AI Studio at https://ai.studio/spend to manage your project spend cap. Learn more at https://ai.google.dev/gemini-api/docs/billing#project-spend-caps. 
[1141/1215] Classifying: Caracas Official Won't Confirm Oil Price Report
  -> Failed: 429 Your project has exceeded its monthly spending cap. Please go to AI Studio at https://ai.studio/spend to manage your project spend cap. Learn more at https://ai.google.dev/gemini-api/docs/billing#project-spend-caps. 
[1142/1215] Classifying: Indonesia Forgoes A 5% Oil Price Rise
  -> Failed: 429 Your project has exceeded its monthly spending cap. Please go to AI Studio at https://ai.studio/spend to manage your project spend cap. Learn more at https://ai.google.dev/gemini-api/docs/billing#project-spend-caps. 
[1143/1215] Classifying: Leonard Silk
  -> Failed: 429 Your project has exceeded its monthly spending cap. Please go to AI Studio at https://ai.studio/spend to manage your project spend cap. Learn more at https://ai.google.dev/gemini-api/docs/billing#project-spend-caps. 
[1144/1215] Classifying: Text of Fact Sheet on the President's Program Issu
  -> Failed: 429 Your project has exceeded its monthly spending cap. Please go to AI Studio at https://ai.studio/spend to manage your project spend cap. Learn more at https://ai.google.dev/gemini-api/docs/billing#project-spend-caps. 
[1145/1215] Classifying: CARTER TO ASK RISE ON U.S.‐PRODUCED OIL TO THE IMP
  -> Failed: 429 Your project has exceeded its monthly spending cap. Please go to AI Studio at https://ai.studio/spend to manage your project spend cap. Learn more at https://ai.google.dev/gemini-api/docs/billing#project-spend-caps. 
[1146/1215] Classifying: Saudis Reported Planning Big Increase in Oil Outpu
  -> Failed: 429 Your project has exceeded its monthly spending cap. Please go to AI Studio at https://ai.studio/spend to manage your project spend cap. Learn more at https://ai.google.dev/gemini-api/docs/billing#project-spend-caps. 
[1147/1215] Classifying: SAUDIS WARN THE WEST TO SHOW APPRECIATION OF OIL‐P
  -> Failed: 429 Your project has exceeded its monthly spending cap. Please go to AI Studio at https://ai.studio/spend to manage your project spend cap. Learn more at https://ai.google.dev/gemini-api/docs/billing#project-spend-caps. 
[1148/1215] Classifying: OPEC's Price Power Has Grown Over Last 16 Years
  -> Failed: 429 Your project has exceeded its monthly spending cap. Please go to AI Studio at https://ai.studio/spend to manage your project spend cap. Learn more at https://ai.google.dev/gemini-api/docs/billing#project-spend-caps. 
[1149/1215] Classifying: Gasoline to Cost About a Penny a Gallon More; Slig
  -> Failed: 429 Your project has exceeded its monthly spending cap. Please go to AI Studio at https://ai.studio/spend to manage your project spend cap. Learn more at https://ai.google.dev/gemini-api/docs/billing#project-spend-caps. 
[1150/1215] Classifying: WORLD OIL BUSINESS THROWN INTO CHAOS
  -> Failed: 429 Your project has exceeded its monthly spending cap. Please go to AI Studio at https://ai.studio/spend to manage your project spend cap. Learn more at https://ai.google.dev/gemini-api/docs/billing#project-spend-caps. 
[1151/1215] Classifying: WORLD OIL BUSINESS THROWN INTO CHAOS
  -> Failed: 429 Your project has exceeded its monthly spending cap. Please go to AI Studio at https://ai.studio/spend to manage your project spend cap. Learn more at https://ai.google.dev/gemini-api/docs/billing#project-spend-caps. 
[1152/1215] Classifying: SAUDIS WARN THE WEST TO SHOW APPRECIATION OF OIL‐P
  -> Failed: 429 Your project has exceeded its monthly spending cap. Please go to AI Studio at https://ai.studio/spend to manage your project spend cap. Learn more at https://ai.google.dev/gemini-api/docs/billing#project-spend-caps. 
[1153/1215] Classifying: OPEC Talks Show Signs of Split On Saudi Bid to Fre
  -> Failed: 429 Your project has exceeded its monthly spending cap. Please go to AI Studio at https://ai.studio/spend to manage your project spend cap. Learn more at https://ai.google.dev/gemini-api/docs/billing#project-spend-caps. 
[1154/1215] Classifying: Saudi Arabia's Oil Minister Urges A 6‐Month Price 
  -> Failed: 429 Your project has exceeded its monthly spending cap. Please go to AI Studio at https://ai.studio/spend to manage your project spend cap. Learn more at https://ai.google.dev/gemini-api/docs/billing#project-spend-caps. 
[1155/1215] Classifying: HEAD OF OPEC CALLS TWO‐STEP PRICE RISE ‘POSSIBLE S
  -> Failed: 429 Your project has exceeded its monthly spending cap. Please go to AI Studio at https://ai.studio/spend to manage your project spend cap. Learn more at https://ai.google.dev/gemini-api/docs/billing#project-spend-caps. 
[1156/1215] Classifying: East Europe Also to Face Soviet Oil Price Rise
  -> Failed: 429 Your project has exceeded its monthly spending cap. Please go to AI Studio at https://ai.studio/spend to manage your project spend cap. Learn more at https://ai.google.dev/gemini-api/docs/billing#project-spend-caps. 
[1157/1215] Classifying: Oil Consumers Await Price Rise As OPEC Nations Mee
  -> Failed: 429 Your project has exceeded its monthly spending cap. Please go to AI Studio at https://ai.studio/spend to manage your project spend cap. Learn more at https://ai.google.dev/gemini-api/docs/billing#project-spend-caps. 
[1158/1215] Classifying: Oil Experts Vexed By Power Failures In Qatar Meeti
  -> Failed: 429 Your project has exceeded its monthly spending cap. Please go to AI Studio at https://ai.studio/spend to manage your project spend cap. Learn more at https://ai.google.dev/gemini-api/docs/billing#project-spend-caps. 
[1159/1215] Classifying: Oil Consumers Await Price Rise As OPEC Nations Mee
  -> Failed: 429 Your project has exceeded its monthly spending cap. Please go to AI Studio at https://ai.studio/spend to manage your project spend cap. Learn more at https://ai.google.dev/gemini-api/docs/billing#project-spend-caps. 
[1160/1215] Classifying: Letters to the Editor
  -> Failed: 429 Your project has exceeded its monthly spending cap. Please go to AI Studio at https://ai.studio/spend to manage your project spend cap. Learn more at https://ai.google.dev/gemini-api/docs/billing#project-spend-caps. 
[1161/1215] Classifying: Oil Price Rise ...
  -> Failed: 429 Your project has exceeded its monthly spending cap. Please go to AI Studio at https://ai.studio/spend to manage your project spend cap. Learn more at https://ai.google.dev/gemini-api/docs/billing#project-spend-caps. 
[1162/1215] Classifying: OUTLOOK FOR A RISE IN THE PRICE OF OIL PUSHES URAN
  -> Failed: 429 Your project has exceeded its monthly spending cap. Please go to AI Studio at https://ai.studio/spend to manage your project spend cap. Learn more at https://ai.google.dev/gemini-api/docs/billing#project-spend-caps. 
[1163/1215] Classifying: OPEC ECONOMISTS MEET IN VIENNA ON PRICE RISE
  -> Failed: 429 Your project has exceeded its monthly spending cap. Please go to AI Studio at https://ai.studio/spend to manage your project spend cap. Learn more at https://ai.google.dev/gemini-api/docs/billing#project-spend-caps. 
[1164/1215] Classifying: OPEC MEETING NEXT WEEK TO DISCUSS NEW OIL PRICES
  -> Failed: 429 Your project has exceeded its monthly spending cap. Please go to AI Studio at https://ai.studio/spend to manage your project spend cap. Learn more at https://ai.google.dev/gemini-api/docs/billing#project-spend-caps. 
[1165/1215] Classifying: People and Business
  -> Failed: 429 Your project has exceeded its monthly spending cap. Please go to AI Studio at https://ai.studio/spend to manage your project spend cap. Learn more at https://ai.google.dev/gemini-api/docs/billing#project-spend-caps. 
[1166/1215] Classifying: Billion Iran Deficit Seen Despite Oil‐Price Rise
  -> Failed: 429 Your project has exceeded its monthly spending cap. Please go to AI Studio at https://ai.studio/spend to manage your project spend cap. Learn more at https://ai.google.dev/gemini-api/docs/billing#project-spend-caps. 
[1167/1215] Classifying: Business Briefs
  -> Failed: 429 Your project has exceeded its monthly spending cap. Please go to AI Studio at https://ai.studio/spend to manage your project spend cap. Learn more at https://ai.google.dev/gemini-api/docs/billing#project-spend-caps. 
[1168/1215] Classifying: RISE IN OIL PRICE WORKING OUT TO 9%
  -> Failed: 429 Your project has exceeded its monthly spending cap. Please go to AI Studio at https://ai.studio/spend to manage your project spend cap. Learn more at https://ai.google.dev/gemini-api/docs/billing#project-spend-caps. 
[1169/1215] Classifying: 3 More Concerns Cut Gasoline Cost By Cent a Gallon
  -> Failed: 429 Your project has exceeded its monthly spending cap. Please go to AI Studio at https://ai.studio/spend to manage your project spend cap. Learn more at https://ai.google.dev/gemini-api/docs/billing#project-spend-caps. 
[1170/1215] Classifying: Saudis Back Oil‐Price Freeze Until ‘77
  -> Failed: 429 Your project has exceeded its monthly spending cap. Please go to AI Studio at https://ai.studio/spend to manage your project spend cap. Learn more at https://ai.google.dev/gemini-api/docs/billing#project-spend-caps. 
[1171/1215] Classifying: Algeria Raises Her Oil Price by $1 to $12.75 a Bar
  -> Failed: 429 Your project has exceeded its monthly spending cap. Please go to AI Studio at https://ai.studio/spend to manage your project spend cap. Learn more at https://ai.google.dev/gemini-api/docs/billing#project-spend-caps. 
[1172/1215] Classifying: EFFECT UNCERTAIN IN OIL‐PRICE RISE
  -> Failed: 429 Your project has exceeded its monthly spending cap. Please go to AI Studio at https://ai.studio/spend to manage your project spend cap. Learn more at https://ai.google.dev/gemini-api/docs/billing#project-spend-caps. 
[1173/1215] Classifying: Oil‐Price Rise Dismays Japan; Miki Calls Cabinet I
  -> Failed: 429 Your project has exceeded its monthly spending cap. Please go to AI Studio at https://ai.studio/spend to manage your project spend cap. Learn more at https://ai.google.dev/gemini-api/docs/billing#project-spend-caps. 
[1174/1215] Classifying: Effects of 10% Oil Price Rise Are Assayed
  -> Failed: 429 Your project has exceeded its monthly spending cap. Please go to AI Studio at https://ai.studio/spend to manage your project spend cap. Learn more at https://ai.google.dev/gemini-api/docs/billing#project-spend-caps. 
[1175/1215] Classifying: THE ECONOMIC SCENE
  -> Failed: 429 Your project has exceeded its monthly spending cap. Please go to AI Studio at https://ai.studio/spend to manage your project spend cap. Learn more at https://ai.google.dev/gemini-api/docs/billing#project-spend-caps. 
[1176/1215] Classifying: Shah Says View Will Be Influential in OPEC
  -> Failed: 429 Your project has exceeded its monthly spending cap. Please go to AI Studio at https://ai.studio/spend to manage your project spend cap. Learn more at https://ai.google.dev/gemini-api/docs/billing#project-spend-caps. 
[1177/1215] Classifying: Business Briefs
  -> Failed: 429 Your project has exceeded its monthly spending cap. Please go to AI Studio at https://ai.studio/spend to manage your project spend cap. Learn more at https://ai.google.dev/gemini-api/docs/billing#project-spend-caps. 
[1178/1215] Classifying: Federal Oil Controls End; Large Price Rises Doubte
  -> Failed: 429 Your project has exceeded its monthly spending cap. Please go to AI Studio at https://ai.studio/spend to manage your project spend cap. Learn more at https://ai.google.dev/gemini-api/docs/billing#project-spend-caps. 
[1179/1215] Classifying: Federal Oil Controls End; Large Price Rises Doubte
  -> Failed: 429 Your project has exceeded its monthly spending cap. Please go to AI Studio at https://ai.studio/spend to manage your project spend cap. Learn more at https://ai.google.dev/gemini-api/docs/billing#project-spend-caps. 
[1180/1215] Classifying: The Oil Oracle of Wall Street
  -> Failed: 429 Your project has exceeded its monthly spending cap. Please go to AI Studio at https://ai.studio/spend to manage your project spend cap. Learn more at https://ai.google.dev/gemini-api/docs/billing#project-spend-caps. 
[1181/1215] Classifying: Kuwaiti Hints a Delay on Oil Price Rise
  -> Failed: 429 Your project has exceeded its monthly spending cap. Please go to AI Studio at https://ai.studio/spend to manage your project spend cap. Learn more at https://ai.google.dev/gemini-api/docs/billing#project-spend-caps. 
[1182/1215] Classifying: Mobil Opposes Decontrol of Oil; Urges Phaseout of 
  -> Failed: 429 Your project has exceeded its monthly spending cap. Please go to AI Studio at https://ai.studio/spend to manage your project spend cap. Learn more at https://ai.google.dev/gemini-api/docs/billing#project-spend-caps. 
[1183/1215] Classifying: Mobil Opposes Decontrol of Oil; Urges Phaseout of 
  -> Failed: 429 Your project has exceeded its monthly spending cap. Please go to AI Studio at https://ai.studio/spend to manage your project spend cap. Learn more at https://ai.google.dev/gemini-api/docs/billing#project-spend-caps. 
[1184/1215] Classifying: THE ECONOMIC SCENE
  -> Failed: 429 Your project has exceeded its monthly spending cap. Please go to AI Studio at https://ai.studio/spend to manage your project spend cap. Learn more at https://ai.google.dev/gemini-api/docs/billing#project-spend-caps. 
[1185/1215] Classifying: Ford's Strategy Can Adapt to Tariff Loss
  -> Failed: 429 Your project has exceeded its monthly spending cap. Please go to AI Studio at https://ai.studio/spend to manage your project spend cap. Learn more at https://ai.google.dev/gemini-api/docs/billing#project-spend-caps. 
[1186/1215] Classifying: GETTING EVEN
  -> Failed: 429 Your project has exceeded its monthly spending cap. Please go to AI Studio at https://ai.studio/spend to manage your project spend cap. Learn more at https://ai.google.dev/gemini-api/docs/billing#project-spend-caps. 
[1187/1215] Classifying: Business Briefs
  -> Failed: 429 Your project has exceeded its monthly spending cap. Please go to AI Studio at https://ai.studio/spend to manage your project spend cap. Learn more at https://ai.google.dev/gemini-api/docs/billing#project-spend-caps. 
[1188/1215] Classifying: New Turn in Oil Prices
  -> Failed: 429 Your project has exceeded its monthly spending cap. Please go to AI Studio at https://ai.studio/spend to manage your project spend cap. Learn more at https://ai.google.dev/gemini-api/docs/billing#project-spend-caps. 
[1189/1215] Classifying: Arab Emirates Seek Oil‐Price Meeting
  -> Failed: 429 Your project has exceeded its monthly spending cap. Please go to AI Studio at https://ai.studio/spend to manage your project spend cap. Learn more at https://ai.google.dev/gemini-api/docs/billing#project-spend-caps. 
[1190/1215] Classifying: The Profit Machine
  -> Failed: 429 Your project has exceeded its monthly spending cap. Please go to AI Studio at https://ai.studio/spend to manage your project spend cap. Learn more at https://ai.google.dev/gemini-api/docs/billing#project-spend-caps. 
[1191/1215] Classifying: OPEC DISCUSSING OIL PRICE REFORM
  -> Failed: 429 Your project has exceeded its monthly spending cap. Please go to AI Studio at https://ai.studio/spend to manage your project spend cap. Learn more at https://ai.google.dev/gemini-api/docs/billing#project-spend-caps. 
[1192/1215] Classifying: MEXICO ACCEPTS OIL‐PRICE SYSTEM
  -> Failed: 429 Your project has exceeded its monthly spending cap. Please go to AI Studio at https://ai.studio/spend to manage your project spend cap. Learn more at https://ai.google.dev/gemini-api/docs/billing#project-spend-caps. 
[1193/1215] Classifying: Oil Promises, Promises
  -> Failed: 429 Your project has exceeded its monthly spending cap. Please go to AI Studio at https://ai.studio/spend to manage your project spend cap. Learn more at https://ai.google.dev/gemini-api/docs/billing#project-spend-caps. 
[1194/1215] Classifying: Saudi Sheik Links Oil Price Cut to Mideast Peace
  -> Failed: 429 Your project has exceeded its monthly spending cap. Please go to AI Studio at https://ai.studio/spend to manage your project spend cap. Learn more at https://ai.google.dev/gemini-api/docs/billing#project-spend-caps. 
[1195/1215] Classifying: Saving on Oil
  -> Failed: 429 Your project has exceeded its monthly spending cap. Please go to AI Studio at https://ai.studio/spend to manage your project spend cap. Learn more at https://ai.google.dev/gemini-api/docs/billing#project-spend-caps. 
[1196/1215] Classifying: OIL NATIONS PLAN PRICE STRATEGY
  -> Failed: 429 Your project has exceeded its monthly spending cap. Please go to AI Studio at https://ai.studio/spend to manage your project spend cap. Learn more at https://ai.google.dev/gemini-api/docs/billing#project-spend-caps. 
[1197/1215] Classifying: The Price of Oil
  -> Failed: 429 Your project has exceeded its monthly spending cap. Please go to AI Studio at https://ai.studio/spend to manage your project spend cap. Learn more at https://ai.google.dev/gemini-api/docs/billing#project-spend-caps. 
[1198/1215] Classifying: MOST OPEC LANDS AGREE ON ro RISE FOR TAXES ON OIL
  -> Failed: 429 Your project has exceeded its monthly spending cap. Please go to AI Studio at https://ai.studio/spend to manage your project spend cap. Learn more at https://ai.google.dev/gemini-api/docs/billing#project-spend-caps. 
[1199/1215] Classifying: MOST OPEC LANDS. AGREE ON 57% RIS FOR TAXES ON OIL
  -> Failed: 429 Your project has exceeded its monthly spending cap. Please go to AI Studio at https://ai.studio/spend to manage your project spend cap. Learn more at https://ai.google.dev/gemini-api/docs/billing#project-spend-caps. 
[1200/1215] Classifying: Saudi Arabia and Iran In Oil‐Price Stalemate
  -> Failed: 429 Your project has exceeded its monthly spending cap. Please go to AI Studio at https://ai.studio/spend to manage your project spend cap. Learn more at https://ai.google.dev/gemini-api/docs/billing#project-spend-caps. 
[1201/1215] Classifying: Venezuela Expects Rise Of 14% in Crude Oil Price
  -> Failed: 429 Your project has exceeded its monthly spending cap. Please go to AI Studio at https://ai.studio/spend to manage your project spend cap. Learn more at https://ai.google.dev/gemini-api/docs/billing#project-spend-caps. 
[1202/1215] Classifying: Major Declines in Oil Prices Doubted
  -> Failed: 429 Your project has exceeded its monthly spending cap. Please go to AI Studio at https://ai.studio/spend to manage your project spend cap. Learn more at https://ai.google.dev/gemini-api/docs/billing#project-spend-caps. 
[1203/1215] Classifying: A WORLD SURPLUS OF OIL REPORTED
  -> Failed: 429 Your project has exceeded its monthly spending cap. Please go to AI Studio at https://ai.studio/spend to manage your project spend cap. Learn more at https://ai.google.dev/gemini-api/docs/billing#project-spend-caps. 
[1204/1215] Classifying: Aramco Deal Is Oil‐Price Movel
  -> Failed: 429 Your project has exceeded its monthly spending cap. Please go to AI Studio at https://ai.studio/spend to manage your project spend cap. Learn more at https://ai.google.dev/gemini-api/docs/billing#project-spend-caps. 
[1205/1215] Classifying: SHARP GAIN IN NET REPORTED BY B.P.
  -> Failed: 429 Your project has exceeded its monthly spending cap. Please go to AI Studio at https://ai.studio/spend to manage your project spend cap. Learn more at https://ai.google.dev/gemini-api/docs/billing#project-spend-caps. 
[1206/1215] Classifying: Impact of Arabs' Oil Tactics
  -> Failed: 429 Your project has exceeded its monthly spending cap. Please go to AI Studio at https://ai.studio/spend to manage your project spend cap. Learn more at https://ai.google.dev/gemini-api/docs/billing#project-spend-caps. 
[1207/1215] Classifying: GROWING DEFICITS EXPECTED IN WAKE OF OIL‐PRICE RIS
  -> Failed: 429 Your project has exceeded its monthly spending cap. Please go to AI Studio at https://ai.studio/spend to manage your project spend cap. Learn more at https://ai.google.dev/gemini-api/docs/billing#project-spend-caps. 
[1208/1215] Classifying: GROWING DEFICITS EXPECTED IN WAKE OF OIL‐PRICE RIS
  -> Failed: 429 Your project has exceeded its monthly spending cap. Please go to AI Studio at https://ai.studio/spend to manage your project spend cap. Learn more at https://ai.google.dev/gemini-api/docs/billing#project-spend-caps. 
[1209/1215] Classifying: OIL PRICE DOUBLED BY BIG PRODUCERS ON PERSIAN GULF
  -> Failed: 429 Your project has exceeded its monthly spending cap. Please go to AI Studio at https://ai.studio/spend to manage your project spend cap. Learn more at https://ai.google.dev/gemini-api/docs/billing#project-spend-caps. 
[1210/1215] Classifying: OIL PRICE DOUBLED BY BIG PRODUCERS ON PERSIAN GULF
  -> Failed: 429 Your project has exceeded its monthly spending cap. Please go to AI Studio at https://ai.studio/spend to manage your project spend cap. Learn more at https://ai.google.dev/gemini-api/docs/billing#project-spend-caps. 
[1211/1215] Classifying: EXPORTERS OP OIL SEE ACCORD NEAR
  -> Failed: 429 Your project has exceeded its monthly spending cap. Please go to AI Studio at https://ai.studio/spend to manage your project spend cap. Learn more at https://ai.google.dev/gemini-api/docs/billing#project-spend-caps. 
[1212/1215] Classifying: HIGHER OIL PRICES UNDER DISCUSSION
  -> Failed: 429 Your project has exceeded its monthly spending cap. Please go to AI Studio at https://ai.studio/spend to manage your project spend cap. Learn more at https://ai.google.dev/gemini-api/docs/billing#project-spend-caps. 
[1213/1215] Classifying: Arabs Increasing Pressure on Oil
  -> Failed: 429 Your project has exceeded its monthly spending cap. Please go to AI Studio at https://ai.studio/spend to manage your project spend cap. Learn more at https://ai.google.dev/gemini-api/docs/billing#project-spend-caps. 
[1214/1215] Classifying: Business Briefs
  -> Failed: 429 Your project has exceeded its monthly spending cap. Please go to AI Studio at https://ai.studio/spend to manage your project spend cap. Learn more at https://ai.google.dev/gemini-api/docs/billing#project-spend-caps. 
[1215/1215] Classifying: 0.P.E.C. WEIGHING SANCTIONS ON OIL
  -> Failed: 429 Your project has exceeded its monthly spending cap. Please go to AI Studio at https://ai.studio/spend to manage your project spend cap. Learn more at https://ai.google.dev/gemini-api/docs/billing#project-spend-caps. 
All articles processed.
